ref_no	placeholder_key	verdict	title	journal	year	vol_issue_pages	DOI	PMID	recent3y	supports_claim	note
1	peritoneal mCRC prognosis	supports	Prognosis of patients with peritoneal metastatic colorectal cancer given systemic therapy: an analysis of individual patient data from prospective randomised trials from the Analysis and Research in Cancers of the Digestive System (ARCAD) database	Lancet Oncol	2016	17(12):1709-1719	10.1016/S1470-2045(16)30500-9	27743922	N	Introduction 腹膜转移 OS 更差/化疗反应差	ARCAD 14 项 RCT 个体数据；CRS+HIPEC「窗口更窄」子句摘要不覆盖，正文已收窄措辞
2	serrated pathway peritoneal; serrated WNT peritoneal	partial	Novel drug resistance mechanisms and drug targets in BRAF-mutated peritoneal metastasis from colorectal cancer	J Transl Med	2024	22(1):646	10.1186/s12967-024-05467-2	38982444	Y	BRAF 突变腹膜转移富集 RNF43/RSPO 配体依赖 WNT；化疗反应差	摘要未直接提 serrated/右侧；RB-M3 修订后该框架仅作文献语境保留，正文已正面列出冲突证据
3	PRODIGE 7 HIPEC 质疑	supports	Cytoreductive surgery plus hyperthermic intraperitoneal chemotherapy versus cytoreductive surgery alone for colorectal peritoneal metastases (PRODIGE 7): a multicentre, randomised, open-label, phase 3 trial	Lancet Oncol	2021	22(2):256-266	10.1016/S1470-2045(20)30599-4	33476595	N	CRS+HIPEC 框定：HIPEC 相对单纯 CRS 的 OS 增量获益受 PRODIGE 7 质疑（RB-m1）	2026-10-04 新增；PMID 经 NCBI eutils esearch 按 DOI 核实
4	Guinney2015-CMS	partial	The consensus molecular subtypes of colorectal cancer	Nat Med	2015	21(11):1350-1356	10.1038/nm.3967	26457759	N	CMS 框架与 CMS4 间质型定义	摘要无腹膜内容；腹膜关联改由 5/6 支撑；CMSclassifier 方法出处保留此引
5	Saris2025(替换)	supports	Molecular characterization of colorectal cancer related peritoneal metastatic disease	Nat Commun	2022	13(1):4443	10.1038/s41467-022-32198-z	35927254	N	CRC 腹膜转移属 CMS4	Saris2025 经专项检索 not_found（真实 Saris J 2025 为腹膜巨噬细胞论文，不相关），以此替换
6	Saris2025(替换); GSE190609 源文献	supports	Peritoneal metastases from colorectal cancer belong to Consensus Molecular Subtype 4 and are sensitised to oxaliplatin by inhibiting reducing capacity	Br J Cancer	2022	126(12):1824-1833	10.1038/s41416-022-01742-5	35194192	N	腹膜转移 CMS4；GSE190609 数据集出处；CMS4 阳性对照定位依据	该队列 12 患者/35 PT/59 PM 与 GSE190609 完全一致，一引两用
7	serrated pathway peritoneal(配)	supports	BRAF-Mutated Colorectal Cancer Exhibits Distinct Clinicopathological Features from Wild-Type BRAF-Expressing Cancer Independent of the Microsatellite Instability Status	J Korean Med Sci	2017	32(1):38-46	10.3346/jkms.2017.32.1.38	27914130	N	BRAF 突变↔近端部位+腹膜种植 (P=0.012)	标题经 NLM 复核（子代理版标题有误已更正）；修订后仅作锯齿框架文献语境
8	Golas2025-CNA	supports	Cytogenetic signatures favoring metastatic organotropism in colorectal cancer	Nat Commun	2025	16(1):3261	10.1038/s41467-025-58413-1	40188208	Y	CNA 层面 CRC 器官趋向性图谱	与 blueprint 记录一致
9	liver signature organ-specific exclusion	supports	Whole genome analysis for liver metastasis gene signatures in colorectal cancer	Int J Cancer	2007	121(9):2005-2012	10.1002/ijc.22975	17640062	N	推导肝转移签名前需剔除器官特异基因	2026-10-04 新增，替换误用的 Vasudevan（脑膜瘤）；PMID 经 eutils esearch 按 DOI 核实
10	liver met microenvironment subtyping	supports	De novo transcriptomic subtyping of colorectal cancer liver metastases in the context of tumor heterogeneity	Genome Med	2021	13(1):143	10.1186/s13073-021-00956-1	34470666	N	肝转移转录组亚型与肝微环境渗入/异质性	2026-10-04 新增；PMID 经 eutils esearch 按 DOI 核实
11	hepatocyte contamination(配)	supports	Inferring tumour purity and stromal and immune cell admixture from expression data	Nat Commun	2013	4:2612	10.1038/ncomms3612	24113773	N	正常细胞混杂干扰肿瘤表达信号（ESTIMATE）	纯度混杂方法学经典
12	primary preprogramming(支持方)	supports	Primary Colorectal Tumor Displays Differential Genomic Expression Profiles Associated with Hepatic and Peritoneal Metastases	Cancers (Basel)	2023	15(17):4418	10.3390/cancers15174418	37686695	Y	原发灶 61 基因签名区分肝/腹膜转移途径	回顾性，对应 supported by some；签名重叠分析见其功效不足说明（14/40 落入宇宙）
13	primary preprogramming(支持方2)	supports	Prediction of liver metastasis after colorectal cancer using reverse transcription-polymerase chain reaction analysis of 10 genes	Eur J Cancer	2010	46(11):2119-2126	10.1016/j.ejca.2010.04.019	20570135	N	原发灶 10 基因 RT-PCR 签名预测肝转移（回顾性支持方）	2026-10-04 新增，替换误用的 Tie（KRAS-肺转移，论证轴不符）；PMID 经 eutils esearch 按 DOI 核实
14	primary preprogramming(质疑方)	partial	A Clinically Applicable Gene-Expression Classifier Reveals Intrinsic and Extrinsic Contributions to Consensus Molecular Subtypes in Primary and Metastatic Colon Cancer	Clin Cancer Res	2019	25(14):4431-4442	10.1158/1078-0432.CCR-18-3032	31004000	N	原发-转移分子高度相似、差异主要由外源因素驱动	非直接证伪部位预测；正文保持 disputed by others 弱表述
15	GSE50760 源文献	supports	A nineteen gene-based risk score classifier predicts prognosis of colorectal cancer patients	Mol Oncol	2014	8(8):1653-1666	10.1016/j.molonc.2014.06.016	25049118	N	数据集出处（54 样本 18 患者三联）	GEO 页面 citation 核实
16	GSE225182 源文献	supports	CILP2 is a potential biomarker for the prediction and therapeutic target of peritoneal metastases in colorectal cancer	Sci Rep	2024	14(1):12487	10.1038/s41598-024-63366-4	38816545	N	数据集出处（19 例 PM-CRC 原发灶 RNA-seq）	GEO 页面 citation 核实
17	GSE41258 源文献	supports	Association of survival and disease progression with chromosomal instability: a genomic exploration of colorectal cancer	Proc Natl Acad Sci U S A	2009	106(17):7131-7136	10.1073/pnas.0902232106	19359472	N	数据集出处（MSK 390 芯片）	GEO 页面 citation 核实
18	GSE41568 源文献	supports	Activation of the mTOR Pathway by Oxaliplatin in the Treatment of Colorectal Cancer Liver Metastasis	PLoS One	2017	12(1):e0169439	10.1371/journal.pone.0169439	28060954	N	数据集出处（GEO 所列唯一 citation）	PDCCE 系列关联论文
19	MSK-MET	supports	Genomic characterization of metastatic patterns from prospective clinical sequencing of 25,000 patients	Cell	2022	185(3):563-575.e11	10.1016/j.cell.2022.01.003	35120664	N	MSK-MET 队列资源、器官级转移标注	更正 blueprint：期刊为 Cell 非 Cancer Cell；PMID 35120664 非 35120658
20	cBioPortal	supports	The cBio cancer genomics portal: an open platform for exploring multidimensional cancer genomics data	Cancer Discov	2012	2(5):401-404	10.1158/2159-8290.CD-12-0095	22588877	N	cBioPortal 平台出处	与 21 合用
21	cBioPortal	supports	Integrative analysis of complex cancer genomics and clinical profiles using the cBioPortal	Sci Signal	2013	6(269):pl1	10.1126/scisignal.2004088	23550210	N	cBioPortal 使用指南	与 20 合用
22	limma	supports	limma powers differential expression analyses for RNA-sequencing and microarray studies	Nucleic Acids Res	2015	43(7):e47	10.1093/nar/gkv007	25605792	N	limma 差异表达（含复杂设计）	patient blocking 为 limma 标准用法
23	metafor	supports	Conducting meta-analyses in R with the metafor package	J Stat Softw	2010	36(3):1-48	10.18637/jss.v036.i03	无	N	REML 随机效应 meta 分析	JSS 无 PMID 属正常，DOI 经 CrossRef 解析
24	ssGSEA Barbie 2009	partial	Systematic RNA interference reveals that oncogenic KRAS-driven cancers require TBK1	Nature	2009	462(7269):108-112	10.1038/nature08460	19847166	N	ssGSEA 秩次方法出处（补充材料）	摘要未提 ssGSEA；正文用 as described by 表述
25	omental mesothelial niche	supports	Cancer-associated adipocytes promote peritoneal metastasis of colorectal signet ring cell carcinoma via FABP4 induction	Cell Commun Signal	2025	24(1):29	10.1186/s12964-025-02569-2	41354793	Y	CRC 腹膜转移中脂肪细胞→FABP4 上调	NLM 记录 2025 Dec 8 epub
26	omental mesothelial niche(配)	supports	The peritoneal "soil" for a cancerous "seed": a comprehensive review of the pathogenesis of intraperitoneal cancer metastases	Cell Mol Life Sci	2018	75(3):509-525	10.1007/s00018-017-2663-1	28956065	N	腹膜间皮/脂肪/成纤维细胞促转移龛位	补间皮维度
27	omental mesothelial niche(配)	supports	Adipocytes promote ovarian cancer metastasis and provide energy for rapid tumor growth	Nat Med	2011	17(11):1498-1503	10.1038/nm.2492	22037646	N	大网膜脂肪细胞-FABP4 经典机制	卵巢癌语境，正文已标注癌种
28	Yu2025-scRNA	supports	Liver metastasis or peritoneal metastasis: single-cell RNA sequencing reveals the organotropism in colorectal cancer is driven by distinct partial-EMT processes	Cancer Lett	2025	629:217880	10.1016/j.canlet.2025.217880	40553883	Y	scRNA 层面 CRC 肝/腹膜器官趋向性	与 claim 完全吻合
