patientId	N
P-0000119	1
P-0000241	1
P-0000526	1
P-0000552	1
P-0000635	1
P-0000687	1
P-0000736	1
P-0000738	1
P-0000739	1
P-0000742	1
P-0000744	1
P-0000745	1
P-0000762	1
P-0000763	1
P-0000769	1
P-0000772	1
P-0000777	1
P-0000798	1
P-0000827	1
P-0000843	1
P-0000860	1
P-0000868	1
P-0000869	1
P-0000915	1
P-0000940	1
P-0000979	1
P-0001017	1
P-0001054	1
P-0001104	1
P-0001150	1
P-0001190	1
P-0001192	1
P-0001200	1
P-0001237	1
P-0001302	1
P-0001347	1
P-0001391	1
P-0001394	1
P-0001427	1
P-0001490	1
P-0001525	1
P-0001531	1
P-0001534	1
P-0001640	1
P-0001647	1
P-0001676	1
P-0001732	1
P-0001754	1
P-0001761	1
P-0001864	1
P-0001909	1
P-0001923	1
P-0001961	1
P-0002032	1
P-0002048	1
P-0002102	1
P-0002268	1
P-0002323	1
P-0002395	1
P-0002487	1
P-0002565	1
P-0002665	1
P-0002769	1
P-0002804	1
P-0002814	1
P-0002835	1
P-0002960	1
P-0003035	1
P-0003110	1
P-0003209	1
P-0003211	1
P-0003258	1
P-0003285	1
P-0003348	1
P-0003365	1
P-0003397	1
P-0003475	1
P-0003499	1
P-0003501	1
P-0003518	1
P-0003710	1
P-0003725	1
P-0003780	1
P-0003789	1
P-0003890	1
P-0003901	1
P-0004011	1
P-0004072	1
P-0004081	1
P-0004249	1
P-0004322	1
P-0004323	1
P-0004402	1
P-0004403	1
P-0004502	1
P-0004549	1
P-0004624	1
P-0004666	1
P-0004697	1
P-0004754	1
P-0004781	1
P-0004798	1
P-0004803	1
P-0004862	1
P-0004886	1
P-0004904	1
P-0004957	1
P-0004977	1
P-0005016	1
P-0005029	1
P-0005091	1
P-0005103	1
P-0005132	1
P-0005164	1
P-0005207	1
P-0005210	1
P-0005237	1
P-0005240	1
P-0005307	1
P-0005327	1
P-0005343	1
P-0005384	1
P-0005446	1
P-0005522	1
P-0005569	1
P-0005589	1
P-0005623	1
P-0005634	1
P-0005715	1
P-0005755	1
P-0005762	1
P-0005776	1
P-0005823	1
P-0005858	1
P-0005888	1
P-0005910	1
P-0005938	1
P-0005941	1
P-0005998	1
P-0006000	1
P-0006093	1
P-0006110	1
P-0006118	1
P-0006136	1
P-0006213	1
P-0006219	1
P-0006225	1
P-0006275	1
P-0006287	1
P-0006306	1
P-0006316	1
P-0006317	1
P-0006390	1
P-0006434	1
P-0006468	1
P-0006575	1
P-0006592	1
P-0006608	1
P-0006616	1
P-0006636	1
P-0006646	1
P-0006647	1
P-0006649	1
P-0006657	1
P-0006658	1
P-0006659	1
P-0006681	1
P-0006683	1
P-0006685	1
P-0006686	1
P-0006701	1
P-0006704	1
P-0006706	1
P-0006708	1
P-0006711	1
P-0006715	1
P-0006721	1
P-0006726	1
P-0006735	1
P-0006740	1
P-0006743	1
P-0006744	1
P-0006759	1
P-0006761	1
P-0006763	1
P-0006764	1
P-0006766	1
P-0006794	1
P-0006816	1
P-0006819	1
P-0006821	1
P-0006825	1
P-0006835	1
P-0006861	1
P-0006887	1
P-0006888	1
P-0006889	1
P-0006890	1
P-0006936	1
P-0006967	1
P-0006968	1
P-0006983	1
P-0006999	1
P-0007012	1
P-0007035	1
P-0007039	1
P-0007070	1
P-0007077	1
P-0007079	1
P-0007081	1
P-0007085	1
P-0007090	1
P-0007092	1
P-0007097	1
P-0007112	1
P-0007126	1
P-0007132	1
P-0007133	1
P-0007135	1
P-0007140	1
P-0007177	1
P-0007181	1
P-0007185	1
P-0007207	1
P-0007216	1
P-0007218	1
P-0007279	1
P-0007294	1
P-0007303	1
P-0007305	1
P-0007315	1
P-0007334	1
P-0007342	1
P-0007357	1
P-0007361	1
P-0007368	1
P-0007373	1
P-0007380	1
P-0007381	1
P-0007389	1
P-0007391	1
P-0007419	1
P-0007483	1
P-0007486	1
P-0007488	1
P-0007490	1
P-0007550	1
P-0007554	1
P-0007555	1
P-0007560	1
P-0007567	1
P-0007581	1
P-0007584	1
P-0007590	1
P-0007593	1
P-0007631	1
P-0007632	1
P-0007657	1
P-0007664	1
P-0007669	1
P-0007686	1
P-0007691	1
P-0007740	1
P-0007781	1
P-0007793	1
P-0007804	1
P-0007860	1
P-0007866	1
P-0007868	1
P-0007869	1
P-0007883	1
P-0007889	1
P-0007929	1
P-0007931	1
P-0007990	1
P-0007996	1
P-0008042	1
P-0008068	1
P-0008075	1
P-0008079	1
P-0008094	1
P-0008095	1
P-0008141	1
P-0008173	1
P-0008308	1
P-0008350	1
P-0008357	1
P-0008540	1
P-0008579	1
P-0008584	1
P-0008588	1
P-0008594	1
P-0008600	1
P-0008683	1
P-0008690	1
P-0008727	1
P-0008735	1
P-0008782	1
P-0009000	1
P-0009145	1
P-0009149	1
P-0009163	1
P-0009170	1
P-0009200	1
P-0009224	1
P-0009302	1
P-0009341	1
P-0009355	1
P-0009377	1
P-0009488	1
P-0009617	1
P-0009645	1
P-0009650	1
P-0009690	1
P-0009707	1
P-0009716	1
P-0009741	1
P-0009751	1
P-0009760	1
P-0009798	1
P-0009826	1
P-0009842	1
P-0009850	1
P-0009902	1
P-0009903	1
P-0009905	1
P-0009971	1
P-0009993	1
P-0010009	1
P-0010014	1
P-0010018	1
P-0010020	1
P-0010062	1
P-0010074	1
P-0010098	1
P-0010139	1
P-0010146	1
P-0010147	1
P-0010207	1
P-0010219	1
P-0010238	1
P-0010268	1
P-0010342	1
P-0010360	1
P-0010364	1
P-0010367	1
P-0010422	1
P-0010506	1
P-0010513	1
P-0010599	1
P-0010665	1
P-0010680	1
P-0010734	1
P-0010742	1
P-0010749	1
P-0010751	1
P-0010781	1
P-0010966	1
P-0010968	1
P-0011014	1
P-0011074	1
P-0011108	1
P-0011120	1
P-0011124	1
P-0011131	1
P-0011182	1
P-0011255	1
P-0011259	1
P-0011283	1
P-0011374	1
P-0011468	1
P-0011533	1
P-0011563	1
P-0012074	1
P-0012110	1
P-0012133	1
P-0012135	1
P-0012147	1
P-0012268	1
P-0012281	1
P-0012340	1
P-0012399	1
P-0012418	1
P-0012426	1
P-0012554	1
P-0012566	1
P-0012625	1
P-0012680	1
P-0012728	1
P-0012810	1
P-0012847	1
P-0012859	1
P-0012900	1
P-0012974	1
P-0013062	1
P-0013144	1
P-0013258	1
P-0013285	1
P-0013354	1
P-0013375	1
P-0013407	1
P-0013488	1
P-0013495	1
P-0013551	1
P-0013772	1
P-0013784	1
P-0013799	1
P-0013881	1
P-0013929	1
P-0013982	1
P-0014010	1
P-0014116	1
P-0014133	1
P-0014252	1
P-0014651	1
P-0014754	1
P-0014774	1
P-0014858	1
P-0014874	1
P-0014908	1
P-0014945	1
P-0015006	1
P-0015016	1
P-0015068	1
P-0015074	1
P-0015146	1
P-0015149	1
P-0015237	1
P-0015276	1
P-0015411	1
P-0015477	1
P-0015721	1
P-0015727	1
P-0015835	1
P-0015946	1
P-0016091	1
P-0016111	1
P-0016140	1
P-0016183	1
P-0016189	1
P-0016200	1
P-0016227	1
P-0016367	1
P-0016550	1
P-0016573	1
P-0016606	1
P-0016696	1
P-0016767	1
P-0016778	1
P-0016847	1
P-0016850	1
P-0016932	1
P-0016956	1
P-0017019	1
P-0017022	1
P-0017037	1
P-0017046	1
P-0017067	1
P-0017170	1
P-0017243	1
P-0017270	1
P-0017308	1
P-0017465	1
P-0017487	1
P-0017589	1
P-0017593	1
P-0017705	1
P-0017765	1
P-0017766	1
P-0017800	1
P-0017827	1
P-0017828	1
P-0017899	1
P-0018075	1
P-0018104	1
P-0018129	1
P-0018153	1
P-0018176	1
P-0018214	1
P-0018241	1
P-0018248	1
P-0018249	1
P-0018285	1
P-0018294	1
P-0018300	1
P-0018306	1
P-0018368	1
P-0018402	1
P-0018412	1
P-0018448	1
P-0018455	1
P-0018471	1
P-0018485	1
P-0018526	1
P-0018585	1
P-0018686	1
P-0018701	1
P-0018760	1
P-0018830	1
P-0018831	1
P-0018862	1
P-0018946	1
P-0018949	1
P-0018971	1
P-0019000	1
P-0019044	1
P-0019126	1
P-0019129	1
P-0019146	1
P-0019248	1
P-0019377	1
P-0019475	1
P-0019629	1
P-0019816	1
P-0019869	1
P-0019880	1
P-0019949	1
P-0020114	1
P-0020153	1
P-0020263	1
P-0020300	1
P-0020395	1
P-0020480	1
P-0020493	1
P-0020573	1
P-0020661	1
P-0020733	1
P-0020826	1
P-0020863	1
P-0020878	1
P-0020971	1
P-0020990	1
P-0021033	1
P-0021078	1
P-0021108	1
P-0021200	1
P-0021304	1
P-0021312	1
P-0021418	1
P-0021481	1
P-0021518	1
P-0021537	1
P-0021563	1
P-0021645	1
P-0021926	1
P-0021976	1
P-0021985	1
P-0022061	1
P-0022090	1
P-0022095	1
P-0022330	1
P-0022456	1
P-0022539	1
P-0022612	1
P-0022614	1
P-0022734	1
P-0022758	1
P-0022814	1
P-0022815	1
P-0022889	1
P-0022977	1
P-0022989	1
P-0022997	1
P-0023063	1
P-0023109	1
P-0023251	1
P-0023364	1
P-0023444	1
P-0023511	1
P-0023623	1
P-0023700	1
P-0023731	1
P-0024030	1
P-0024071	1
P-0024260	1
P-0024298	1
P-0024302	1
P-0024312	1
P-0024341	1
P-0024383	1
P-0024388	1
P-0024423	1
P-0024443	1
P-0024445	1
P-0024453	1
P-0024586	1
P-0024597	1
P-0024655	1
P-0024823	1
P-0024829	1
P-0024832	1
P-0024915	1
P-0024924	1
P-0024967	1
P-0025001	1
P-0025099	1
P-0025119	1
P-0025132	1
P-0025169	1
P-0025201	1
P-0025244	1
P-0025255	1
P-0025391	1
P-0025406	1
P-0025444	1
P-0025468	1
P-0025470	1
P-0025510	1
P-0025547	1
P-0025641	1
P-0025683	1
P-0025686	1
P-0025791	1
P-0025806	1
P-0025832	1
P-0025883	1
P-0025947	1
P-0025986	1
P-0026011	1
P-0026038	1
P-0026124	1
P-0026233	1
P-0026234	1
P-0026306	1
P-0026422	1
P-0026425	1
P-0026465	1
P-0026557	1
P-0026699	1
P-0026933	1
P-0027077	1
P-0027126	1
P-0027298	1
P-0027422	1
P-0027547	1
P-0027647	1
P-0027695	1
P-0027740	1
P-0027824	1
P-0028174	1
P-0028359	1
P-0028375	1
P-0028415	1
P-0028512	1
P-0028608	1
P-0028642	1
P-0028646	1
P-0028660	1
P-0028661	1
P-0028706	1
P-0028710	1
P-0028754	1
P-0028972	1
P-0029143	1
P-0029172	1
P-0029237	1
P-0029364	1
P-0029370	1
P-0029516	1
P-0029646	1
P-0029724	1
P-0029734	1
P-0029822	1
P-0029965	1
P-0029998	1
P-0030006	1
P-0030129	1
P-0030269	1
P-0030449	1
P-0030479	1
P-0030527	1
P-0030554	1
P-0030672	1
P-0030745	1
P-0030774	1
P-0031043	1
P-0031091	1
P-0031188	1
P-0031206	1
P-0031248	1
P-0031302	1
P-0031465	1
P-0031467	1
P-0031487	1
P-0031553	1
P-0031562	1
P-0031777	1
P-0031832	1
P-0032044	1
P-0032065	1
P-0032108	1
P-0032311	1
P-0032334	1
P-0032395	1
P-0032489	1
P-0032492	1
P-0032618	1
P-0032633	1
P-0032718	1
P-0032824	1
P-0032849	1
P-0032900	1
P-0032961	1
P-0033039	1
P-0033127	1
P-0033174	1
P-0033204	1
P-0033227	1
P-0033566	1
P-0033608	1
P-0033643	1
P-0033675	1
P-0033807	1
P-0033858	1
P-0033937	1
P-0034036	1
P-0034088	1
P-0034137	1
P-0034143	1
P-0034232	1
P-0034264	1
P-0034297	1
P-0034380	1
P-0034396	1
P-0034413	1
P-0034727	1
P-0034731	1
P-0034774	1
P-0034866	1
P-0034877	1
P-0034996	1
P-0035008	1
P-0035078	1
P-0035210	1
P-0035320	1
P-0035337	1
P-0035367	1
P-0035372	1
P-0035585	1
P-0035635	1
P-0035716	1
P-0035723	1
P-0035865	1
P-0036023	1
P-0036087	1
P-0036347	1
P-0036385	1
P-0036407	1
P-0036534	1
P-0036547	1
P-0036619	1
P-0036633	1
P-0036742	1
P-0036748	1
P-0036767	1
P-0036848	1
P-0036977	1
P-0037052	1
P-0037075	1
P-0037104	1
P-0037120	1
P-0037135	1
P-0037180	1
P-0037227	1
P-0037242	1
P-0037319	1
P-0037331	1
P-0037355	1
P-0037392	1
P-0037411	1
P-0037904	1
P-0037967	1
P-0037972	1
P-0038051	1
P-0038195	1
P-0038546	1
P-0038567	1
P-0038626	1
P-0038647	1
P-0038756	1
P-0038803	1
P-0039030	1
P-0039124	1
P-0039163	1
P-0039173	1
P-0039177	1
P-0039187	1
P-0039306	1
P-0039323	1
P-0039469	1
P-0039484	1
P-0039695	1
P-0039928	1
P-0039934	1
P-0040132	1
P-0040155	1
P-0040383	1
P-0040597	1
P-0040601	1
P-0040631	1
P-0040634	1
P-0040751	1
P-0040810	1
P-0040814	1
P-0040832	1
P-0040853	1
P-0040917	1
P-0041180	1
P-0041239	1
P-0041272	1
P-0041307	1
P-0041391	1
P-0041612	1
P-0041620	1
P-0041699	1
P-0041701	1
P-0041855	1
P-0041956	1
P-0041972	1
P-0042009	1
P-0042064	1
P-0042175	1
P-0042247	1
P-0042542	1
P-0042650	1
P-0043144	1
P-0043251	1
P-0043252	1
P-0043358	1
P-0043361	1
P-0043582	1
P-0043592	1
P-0043615	1
P-0043620	1
P-0043737	1
P-0043843	1
P-0044019	1
P-0044047	1
P-0044209	1
P-0044219	1
P-0044492	1
P-0044543	1
P-0044744	1
P-0044881	1
P-0044883	1
P-0044889	1
P-0044990	1
P-0045459	1
P-0045530	1
P-0045531	1
P-0045717	1
P-0045728	1
P-0045909	1
P-0045920	1
P-0046026	1
P-0046154	1
P-0046259	1
P-0046529	1
P-0046561	1
P-0046581	1
P-0046582	1
P-0046742	1
P-0046882	1
P-0046892	1
P-0047056	1
P-0047151	1
P-0047318	1
P-0047431	1
P-0047635	1
P-0047716	1
P-0047746	1
P-0047855	1
P-0047861	1
P-0048067	1
P-0048375	1
P-0048378	1
P-0048379	1
P-0048551	1
P-0048606	1
P-0048723	1
P-0048784	1
P-0048908	1
P-0048920	1
P-0048934	1
P-0048958	1
P-0049001	1
P-0049027	1
P-0049028	1
P-0049087	1
P-0049602	1
P-0049924	1
P-0050264	1
P-0050488	1
P-0050517	1
