gene	PM_mut	PM_n	Liver_mut	Liver_n	OR	CI_lo	CI_hi	p	level	pm_def	fdr_within_def	nonPM_mut	nonPM_n
APC	80	124	513	624	0.3939907601099	0.253685584353095	0.616303558101931	2.8634393391312e-05	sample_all	IA+Ovary	8.59031801739359e-05		
SMAD4	27	124	106	624	1.35964410622548	0.811500346806195	2.22414619306335	0.200725403465734	sample_all	IA+Ovary	0.200725403465734		
RNF43	10	124	22	624	2.39658306445209	0.985736378286335	5.44500602641295	0.0295937568890766	sample_all	IA+Ovary	0.0443906353336149		
APC	47	81	513	624	0.299758233727085	0.17934016397989	0.504321405687112	2.97859444363507e-06	sample_all	IA_only	8.93578333090522e-06		
SMAD4	20	81	106	624	1.601027001178	0.87651661257667	2.82683648056528	0.0916859703319399	sample_all	IA_only	0.120843446215384		
RNF43	6	81	22	624	2.18591928079096	0.702371792659196	5.792150010302	0.120843446215384	sample_all	IA_only	0.120843446215384		
APC	80	124			0.394002765978612	0.256520266743395	0.610190309818803	1.88575307580766e-05	patient	IA+Ovary	5.65725922742299e-05	633	770
SMAD4	27	124			1.53718391075656	0.922706739219698	2.49806676829469	0.0869269616637498	patient	IA+Ovary	0.0869269616637498	118	770
RNF43	10	124			2.72245244576166	1.13108373153056	6.09624366421329	0.018319666536497	patient	IA+Ovary	0.0274794998047454	24	770
APC	47	81			0.305634623586965	0.185082062386118	0.508500380035717	3.3618698932706e-06	patient	IA_only	1.00856096798118e-05	666	813
SMAD4	20	81			1.80313405006046	0.994124318288359	3.15781615825889	0.0389148768732279	patient	IA_only	0.0583723153098419	125	813
RNF43	6	81			2.2402014363997	0.734829792839608	5.75000635117682	0.115626787164689	patient	IA_only	0.115626787164689	28	813
