gene,meta_beta_re,se_wald_derived,meta_pval_re,meta_fdr_re,k_cohorts,sign_concordant,tau2,I2,Q,Q_p,beta_fe,pval_fe,fdr_fe,log2FC_GSE190609_PM_vs_PT,log2FC_GSE225182_PM_vs_PT,log2FC_GSE190609_PM_vs_LM,retained_after_purity_adj_GSE190609
PLAC9,1.54604937199507,0.250758363691439,7.02631147111179e-10,8.24713308921747e-07,2,1,0,0,0.466751572052248,0.494485405418718,1.54604937199507,7.02631147111179e-10,4.49843623048226e-07,1.63074530294734,1.19952474844873,1.96246539183388,FALSE
ADAMTS15,1.5516727304669,0.255126544782034,1.18712641819545e-09,9.83569152957815e-07,2,1,0,0,0.253032748018937,0.614947675659226,1.5516727304669,1.18712641819545e-09,5.86833037798639e-07,1.61482984863807,1.29089786975629,2.19098007064939,TRUE
CD36,1.90430871111726,0.316413636031138,1.76132692282117e-09,1.30569945831243e-06,2,1,0.00726597637861953,1.51431671328265,1.01537600860091,0.313618349527346,1.91005760753136,5.00830659918779e-10,3.71273676050316e-07,2.02022675111376,1.04061580141093,2.55927482413016,TRUE
RBP7,1.51572766697008,0.255539532129262,3.00215822687056e-09,1.92206357388509e-06,2,1,0,0,0.143620601374282,0.704707848566885,1.51572766697008,3.00215822687056e-09,1.17459440626311e-06,1.5503394844796,1.24476558183453,2.9098949866196,TRUE
NPR1,1.11171457219344,0.197812025369022,1.90896063616822e-08,6.72192764010735e-06,2,1,0,0,0.337996175473329,0.560988157319864,1.11171457219344,1.90896063616822e-08,4.4812850934049e-06,1.06243705669364,1.38010582790567,1.40478334949889,FALSE
EBF2,1.72749475420966,0.310953221825015,2.76848132858473e-08,8.86228625298089e-06,2,1,0,0,0.0692751375542591,0.792395116665284,1.72749475420966,2.76848132858473e-08,5.99908607894091e-06,1.78043451972997,1.60096708576735,4.55715587691967,TRUE
LPL,1.27963308833637,0.238389747556086,7.96943374399664e-08,2.07869396822579e-05,2,1,0,0,0.229010578306125,0.632258442150792,1.27963308833637,7.96943374399664e-08,1.35240330462883e-05,1.24213682081344,1.62672352828755,2.19039113770463,TRUE
PI16,2.35205680895472,0.445435672705205,1.28936469323144e-07,2.78730828104314e-05,2,1,0,0,0.818022179379397,0.36575906938737,2.35205680895472,1.28936469323144e-07,1.91165281096472e-05,2.63652992053829,1.78150663117454,4.11972347881499,TRUE
NTRK2,1.65322418721273,0.314162544332533,1.42248049210554e-07,2.96489775947752e-05,2,1,0,0,0.250276086747062,0.616880743364639,1.65322418721273,1.42248049210554e-07,2.05727599637216e-05,1.76528264848781,1.43278768448038,2.86128006689791,TRUE
MEDAG,1.4189239876291,0.273485453869273,2.1222499045091e-07,3.88206362402735e-05,2,1,0,0,0.0959441084392496,0.756752248127273,1.4189239876291,2.1222499045091e-07,2.74237522064318e-05,1.46969481791681,1.27758157184851,2.35368985950895,TRUE
LIPE,1.25309228747123,0.242482248889964,2.36904654297742e-07,4.11950871084407e-05,2,1,0,0,0.384518107217411,0.535195085538212,1.25309228747123,2.36904654297742e-07,2.95292217325991e-05,1.31006731079203,0.856273535702215,1.95272715848569,TRUE
MEOX2,1.41687839159404,0.276708567205187,3.04772329759179e-07,5.17194971645546e-05,2,1,0,0,0.00712908847922333,0.932711431617957,1.41687839159404,3.04772329759179e-07,3.60732627282188e-05,1.43078271275449,1.37762027816935,4.5382701567528,TRUE
OLFML2B,1.12485136948987,0.220757481498599,3.47974906443206e-07,5.69910064796808e-05,2,1,0,0,0.139172583842159,0.709104965262141,1.12485136948987,3.47974906443206e-07,3.92098124580204e-05,1.08156951436065,1.28155486524231,2.51744531725734,TRUE
LRRN2,1.30404838804118,0.258693300119955,4.63335091872469e-07,6.65925996839156e-05,2,1,0,0,0.0587961276782153,0.808408927548517,1.30404838804118,4.63335091872469e-07,4.59582730212939e-05,1.27032360423101,1.42072126639569,2.39613435176865,TRUE
ANK2,1.0807659712748,0.225201626589947,1.59377220579905e-06,0.000185522987757683,2,1,0,0,0.12890387585349,0.719571255928152,1.0807659712748,1.59377220579905e-06,0.000121342062263133,1.0405316421097,1.24325059058205,2.18107304149486,TRUE
FLRT2,1.22514100179276,0.257920085630424,2.03336342007762e-06,0.000227072453782817,2,1,0,0,0.061971848268898,0.803406067620741,1.22514100179276,2.03336342007762e-06,0.000148393387418618,1.19389745384664,1.35708949405102,1.85040259385214,FALSE
VIT,1.43031328859659,0.302246968110261,2.22026329441561e-06,0.000244315691420655,2,1,0,0,0.974157979222552,0.323645375564422,1.43031328859659,2.22026329441561e-06,0.000159553104601244,1.66819853040046,1.05621493345482,2.62545106207176,FALSE
PRICKLE1,1.12190880311841,0.239634897485978,2.84447113813442e-06,0.00028017046140296,2,1,0,0,0.248384025051197,0.618215240470343,1.12190880311841,2.84447113813442e-06,0.000184628460740199,1.18891462139462,0.909040365480238,2.2400029073213,TRUE
SRPX,1.37905181409026,0.295726174752591,3.11219817053272e-06,0.000296184535351036,2,1,0.0312266899906857,10.7637442158603,1.12062075129976,0.289784829401622,1.40800104337246,3.25388914060708e-08,6.54728979220725e-06,1.51991056605462,0.758188933976212,1.97997286290646,FALSE
LRRN1,1.42419289261222,0.310050618214295,4.36038998853819e-06,0.000378727244767499,2,1,0,0,0.0726247578749591,0.78755278244974,1.42419289261222,4.36038998853819e-06,0.000248648149751257,1.46465039747722,1.25162865156,2.3872678382594,FALSE
GALNT13,1.48981793138902,0.326978506705841,5.20581991626388e-06,0.000436452223336766,2,1,0,0,0.88600204698323,0.346563019701518,1.48981793138902,5.20581991626388e-06,0.000285307289963333,1.71009750247293,1.05978777182426,4.3430936961237,TRUE
FABP4,3.42723823397039,0.760827063269195,6.64912287597017e-06,0.000506231868692107,2,1,0.517510257855625,38.3048755234639,1.62087362410675,0.202970016189902,3.62026608307239,1.25949149349218e-12,4.43498442145935e-09,3.93823818428214,2.29444395512775,6.106203196469,TRUE
TWIST2,1.09557054751255,0.245563726412549,8.14065389015353e-06,0.000570453283795087,2,1,0,0,0.024802763075258,0.874859531601724,1.09557054751255,8.14065389015353e-06,0.0003913348465625,1.12673777391925,1.0475828028643,2.18066765078652,FALSE
OGN,1.90131974871046,0.430029555207759,9.8077091836663e-06,0.000648552036863568,2,1,0,0,0.0368558125654705,0.847758907743727,1.90131974871046,9.8077091836663e-06,0.000448511635882922,1.85519477261421,2.04908300268279,3.44588348379947,FALSE
NTRK3,1.05933828247189,0.239659441006234,9.86179322115549e-06,0.000649081109906425,2,1,0,0,0.0284392348311184,0.866080316584462,1.05933828247189,9.86179322115549e-06,0.000449525428867233,1.09466955836886,1.01310575139728,2.12811791315618,FALSE
CADM3,2.04846500797307,0.463618907583803,9.94231298539791e-06,0.000651337108834091,2,1,0.146321363280252,30.1346631723504,1.43132495369899,0.231548327024247,2.12042866101121,3.95407279871281e-09,1.42802859922743e-06,2.37434801833404,1.38889551635942,3.16755701311022,TRUE
NNAT,1.24171616135427,0.284848778504229,1.30531723154378e-05,0.000762879386153284,2,1,0,0,0.623166672295267,0.429872959237359,1.24171616135427,1.30531723154378e-05,0.000531369745846652,1.46976006358707,1.01999125627789,3.69636555205149,TRUE
COLEC12,1.08720987752735,0.25206520849487,1.60902019464453e-05,0.000871655747752624,2,1,0,0,0.824255019199033,0.363939028257342,1.08720987752735,1.60902019464453e-05,0.000617521783148998,0.962232157179379,1.5062492335549,2.93124668157815,TRUE
MFAP5,1.47713451057272,0.347220362252358,2.09825682941695e-05,0.00105549812294063,2,1,0,0,0.891303181448475,0.345124402305095,1.47713451057272,2.09825682941695e-05,0.000753927230671882,1.62824142848136,0.766000448746388,4.72761501171578,TRUE
NGF,1.1334116974663,0.271795132963552,3.04471843130205e-05,0.00131548647561011,2,1,0.0593964976909432,39.5983537865799,1.65558401581747,0.198200617490793,1.15541141468658,2.95896363905424e-08,6.22044818747446e-06,1.37371316101889,0.825995366285764,2.53318514641543,TRUE
DCLK1,1.14331648509509,0.276298514180992,3.50383759300559e-05,0.00146693356070662,2,1,0,0,0.432779306566575,0.510628326695042,1.14331648509509,3.50383759300559e-05,0.00105452035251034,1.19739293459407,0.532352773016018,2.31557429566006,TRUE
BEND6,1.00454978472729,0.247274187298018,4.85512948974751e-05,0.00179959207534457,2,1,0,0,0.320701981108106,0.571186085141254,1.00454978472729,4.85512948974751e-05,0.00129761857425225,1.09892797668567,0.796777528458662,2.75762489381045,TRUE
ADAM22,1.03230931672775,0.255677367121892,5.40130886046266e-05,0.00192114735605092,2,1,0,0,0.156596944956882,0.692309151017145,1.03230931672775,5.40130886046266e-05,0.00138827436678133,1.096776901152,0.873518106614953,2.27416342720349,TRUE
CHRDL1,1.64552371609016,0.413661080131263,6.95115440631622e-05,0.00225592188509134,2,1,0,0,0.954346227489615,0.328615464382079,1.64552371609016,6.95115440631622e-05,0.0016236651710276,1.4261384188709,2.38989183768994,4.91508574609971,TRUE
C16orf89,1.4299324274894,0.364483232946346,8.73887097518203e-05,0.00260226210751456,2,1,0,0,0.301889805987183,0.582700100613855,1.4299324274894,8.73887097518203e-05,0.00190242654846119,1.29518303129811,1.72756244484225,4.05722963076826,TRUE
PDGFRL,1.36861221330508,0.351537592498058,9.89234941046837e-05,0.00279860712177553,2,1,0,0,0.00262143776101922,0.959166169269244,1.36861221330508,9.89234941046837e-05,0.00204459317875765,1.35908129846763,1.40260200557093,2.68377864167898,FALSE
NRK,1.39250923331883,0.360069446669054,0.000110031153219853,0.00296894404808742,2,1,0,0,0.0587027416932877,0.808558183851952,1.39250923331883,0.000110031153219853,0.0021736168206194,1.45167340784729,1.2638703923592,4.35448253018656,TRUE
CPXM1,1.06444882629115,0.279318380007346,0.00013847298077456,0.00333742812089832,2,1,0,0,0.471928696694561,0.492101213485598,1.06444882629115,0.00013847298077456,0.00246935969551315,0.977320657870301,1.48703650567806,2.43274329131952,TRUE
KCNAB1,1.56996318591968,0.422068078354215,0.000199465997473858,0.00415603339411137,2,1,0.208500721178964,58.1273012456098,2.3881909448102,0.122255032021532,1.61818950025742,1.72676683228915e-09,7.6004721352477e-07,1.95871818731106,1.11172737640456,3.16611728599681,TRUE
SUSD5,1.00282535495649,0.275901868718161,0.000278285384069096,0.00515702241353077,2,1,0,0,0.103296923737644,0.747908504649468,1.00282535495649,0.000278285384069096,0.00383527361508142,1.05880735503983,0.862366778814289,2.31194648882236,FALSE
ADAMTS16,1.5646189005498,0.456053154363217,0.000601844308285644,0.00865984072559669,2,1,0,0,0.199024608530699,0.65550930844456,1.5646189005498,0.000601844308285644,0.00643805680649324,1.45390447804395,1.93849999658848,3.74191720304193,TRUE
SLIT3,1.32710334301457,0.390219544184274,0.000671608069896672,0.00926968964491647,2,1,0.138937471711571,33.6721309669611,1.50766188418006,0.219496209033837,1.2090918789357,2.77157284585114e-07,3.3945742203316e-05,1.10535126686655,2.01377692600163,2.4949916175622,TRUE
BOC,1.2630225040091,0.404616439488843,0.00179913689968967,0.017320056895341,2,1,0.177223359257783,49.4336113972896,1.97759821816977,0.159643658301402,1.14115774531733,3.12849177561353e-06,0.000196717886872842,0.964295932207493,1.81106368466897,3.41786757997663,TRUE
MYOZ3,1.06278274199331,0.341801686865716,0.0018749636765487,0.0177820454852275,2,1,0.137115365371255,58.6359275046813,2.41755692724205,0.11998192000915,1.04914502645597,1.73796305122643e-06,0.000131608653637227,1.41434037260064,0.730466265339329,2.20055411661407,FALSE
TSHZ2,1.16206961879398,0.394823765661271,0.00324773878909002,0.0253454886471953,2,1,0.16628264827245,46.4785411174861,1.86840945833543,0.171657357428772,1.03038228682123,7.28391613362551e-06,0.000363808364333742,0.890768228332705,1.73665497446025,1.6999124943438,FALSE
TACR1,1.0396473374022,0.360399397638668,0.00391775780689675,0.0286806750052706,2,1,0.106305428816747,40.866427537921,1.69108673527424,0.193457775487714,1.04883576639507,0.000151084573696744,0.00262072194645153,0.665707152909427,1.38699627502574,2.68340831746905,FALSE
FMO1,1.52073548131237,0.549750951401482,0.00567091850051064,0.0364226571270827,2,1,0.387253593147922,63.6201505153912,2.74877442916048,0.0973290060894714,1.60129521738912,7.6403460963778e-07,6.81103004857477e-05,2.02634672759784,0.922991442216771,2.98104284679891,FALSE
KCNA1,1.62190706191139,0.587921892144104,0.0058029686996481,0.0369622612982639,2,1,0.544157191804697,78.5680438317533,4.66592966199505,0.0307667626685586,1.52883171289466,1.00953480463179e-08,2.77929812629813e-06,2.23576620376589,1.05882649880685,5.0592536922117,TRUE
SFRP2,1.34299056377545,0.498462713856066,0.00705440867315885,0.041843641018852,2,1,0,0,0.125082006296027,0.723586698033604,1.34299056377545,0.00705440867315885,0.0320679727072519,1.46444453563375,1.08710341687326,5.85171793256357,TRUE
