analysis,gene,PM_mut,PM_n,Liver_mut,Liver_n,liver_pct,lung_pct,intraab_pct,ovary_pct,OR_PM_vs_Liver,CI_lo,CI_hi,p_PM_vs_Liver,fdr_within
sample_level_PMpool_IAplusOvary_vs_Liver,APC,80,124,513,624,82.2,82.2,58,76.7,0.39,0.253685584353095,0.616303558101931,2.86e-05,0.0005148
sample_level_PMpool_IAplusOvary_vs_Liver,RNF43,10,124,22,624,3.5,1.4,7.4,9.3,2.4,0.985736378286335,5.44500602641295,0.0296,0.2664
sample_level_PMpool_IAplusOvary_vs_Liver,PIK3CA,,,,,17.3,15.1,7.4,16.3,0.56,,,0.0621,0.298
sample_level_PMpool_IAplusOvary_vs_Liver,SOX9,,,,,9.8,6.2,6.2,2.3,0.47,,,0.0859,0.298
sample_level_PMpool_IAplusOvary_vs_Liver,KRAS,,,,,41.3,55.5,56.8,37.2,1.42,,,0.0909,0.298
sample_level_PMpool_IAplusOvary_vs_Liver,TCF7L2,,,,,10.3,11,6.2,4.7,0.52,,,0.131,0.298
sample_level_PMpool_IAplusOvary_vs_Liver,ARID1A,,,,,5.3,4.1,9.9,7,1.74,,,0.141,0.298
sample_level_PMpool_IAplusOvary_vs_Liver,TP53,,,,,80.8,81.5,72.8,79.1,0.71,,,0.144,0.298
sample_level_PMpool_IAplusOvary_vs_Liver,BRAF,,,,,5.4,5.5,7.4,11.6,1.69,,,0.149,0.298
sample_level_PMpool_IAplusOvary_vs_Liver,PTEN,,,,,3,3.4,4.9,7,1.9,,,0.175,0.315
sample_level_PMpool_IAplusOvary_vs_Liver,SMAD4,27,124,106,624,17,8.2,24.7,16.3,1.36,0.811500346806195,2.22414619306335,0.201,0.328909090909091
sample_level_PMpool_IAplusOvary_vs_Liver,ERBB2,,,,,3,2.7,7.4,0,1.62,,,0.282,0.420923076923077
sample_level_PMpool_IAplusOvary_vs_Liver,HRAS,,,,,0.2,0,0,2.3,5.05,,,0.304,0.420923076923077
sample_level_PMpool_IAplusOvary_vs_Liver,CTNNB1,,,,,4.2,2.7,2.5,2.3,0.57,,,0.453,0.582428571428572
sample_level_PMpool_IAplusOvary_vs_Liver,AMER1,,,,,6.9,6.2,3.7,9.3,0.81,,,0.698,0.8376
sample_level_PMpool_IAplusOvary_vs_Liver,POLE,,,,,2.7,2.7,1.2,2.3,0.59,,,0.754,0.84825
sample_level_PMpool_IAplusOvary_vs_Liver,NRAS,,,,,5,4.8,3.7,4.7,0.8,,,0.82,0.868235294117647
sample_level_PMpool_IAplusOvary_vs_Liver,FBXW7,,,,,8,12.3,9.9,4.7,1.01,,,1,1
sample_level_intraabdominal_only_vs_Liver_ovary_excluded,APC,47,81,513,624,,,,,0.299758233727085,0.17934016397989,0.504321405687112,2.97859444363507e-06,8.93578333090522e-06
sample_level_intraabdominal_only_vs_Liver_ovary_excluded,SMAD4,20,81,106,624,,,,,1.601027001178,0.87651661257667,2.82683648056528,0.0916859703319399,0.120843446215384
sample_level_intraabdominal_only_vs_Liver_ovary_excluded,RNF43,6,81,22,624,,,,,2.18591928079096,0.702371792659196,5.792150010302,0.120843446215384,0.120843446215384
