gene,meta_beta_re,se_wald_derived,meta_pval_re,meta_fdr_re,k_cohorts,sign_concordant,tau2,I2,Q,Q_p,beta_fe,pval_fe,fdr_fe,log2FC_GSE190609_LM_vs_PT,log2FC_GSE50760_LM_vs_PT,log2FC_GSE41258_LM_vs_PT,log2FC_GSE41568_LM_vs_PT,log2FC_GSE190609_PM_vs_LM,retained_after_purity_adj_GSE190609,retained_after_purity_adj_GSE50760
ABAT,1.35396540685058,0.203381562336098,2.78966584255383e-11,6.19903602584641e-09,4,1,0.0566865013694643,34.2541093559494,4.49765267578827,0.212499758909264,1.3552438362394,1.04202734241197e-16,1.03460012624797e-14,1.64846272641016,1.45293492469039,0.77321886112579,1.56327523225576,-1.62204027911458,TRUE,TRUE
GAS2,1.00151099730001,0.176703887751983,1.4469662631894e-08,1.40672251399444e-06,4,1,0.043829612964574,35.5946297692214,4.64199921727395,0.199968645210608,0.983539034152266,3.36656211316873e-13,1.9395138396422e-11,1.57279157268398,0.968493547918425,0.634483331525614,1.21118756335995,-2.52054252579612,TRUE,TRUE
CYP4F3,1.19571103752914,0.211749385680794,1.63441129763649e-08,1.54080410513549e-06,4,1,0.078074569562217,45.2643602085657,5.2946473697333,0.151450092483051,1.10700454310276,8.56225732783549e-15,6.83004680689647e-13,1.79302226488766,1.59917577383533,0.826783336749133,1.15086529989646,-2.40248320472538,TRUE,TRUE
ORM1,5.75972760938832,1.34681538935905,1.89809247426587e-05,0.000533581236816968,4,1,6.83123836460081,95.6255165244688,66.7350773989373,2.13376514204899e-14,3.93366320644005,4.64077957417729e-66,8.66247915315934e-63,8.38817744482669,7.81100616373084,2.8735422195213,4.29205442985978,-9.12458509595663,TRUE,TRUE
HP,5.84394822735533,1.44253429326311,5.09626803704946e-05,0.00114392929699502,4,1,7.76692225866195,96.560214819205,63.3866384786852,1.11020083008575e-13,3.48944015521584,2.0565622310497e-77,6.39796510079562e-74,8.87757670758249,7.97911765064005,2.84902404591305,4.24337523246673,-6.0396484172316,TRUE,TRUE
ALDH8A1,2.81451888638376,0.729697165681115,0.000114737690388159,0.00217210317321032,4,1,1.94182108184361,92.94970005411,57.2701248388238,2.2503417365438e-12,1.78928869327199,3.75814884190721e-28,1.0960875981725e-25,4.197909689231,3.54799358648515,0.905321738508844,2.85294037457092,-3.64943643903197,TRUE,TRUE
SERPINA3,3.87298322922004,1.00556034420024,0.000117364318343256,0.00220394604244992,4,1,3.70270873689679,95.5997343867573,77.2490754554615,1.19393257418927e-16,1.90321778280326,6.70442950783044e-46,4.1714960397721e-43,5.3989100650191,5.59626565816111,1.38105338813764,3.55611055664038,-4.62832956715884,TRUE,TRUE
FGG,6.92962282570705,1.84729784004884,0.000175975357747176,0.00301907723134998,4,1,13.2460378859233,98.0611765227923,132.804294939067,1.34491214133068e-28,3.99917790988266,4.41342153113314e-109,4.11904631500656e-105,11.7845190245102,7.67554421926624,3.07922106730409,5.42579978035995,-11.7051079016954,TRUE,TRUE
APOC3,5.78809884106156,1.57677389783405,0.000241746160878716,0.00391505622620529,4,1,9.58094679627011,97.3102280016828,127.442929294201,1.92347251388721e-27,3.20609735140779,1.24578499658794e-65,1.93781856219255e-62,8.9373471038389,7.8928050333009,2.16782857819106,4.37717046021876,-8.98749073577552,TRUE,TRUE
CBS,1.56707407740241,0.44956499316978,0.000490747570941336,0.00667155962950139,4,1,0.716315183275649,90.7111977744066,28.5824135677679,2.74071795148531e-06,1.22415368909391,1.26213370019014e-21,2.03094721101285e-19,2.20760681029158,2.46423620095607,0.515441735787708,1.26664357214768,-1.54676603751602,TRUE,TRUE
COLEC11,2.73646086150408,0.802356559777653,0.000648368268053261,0.00824417036204507,4,1,2.46771556380329,98.4583806472481,135.716231448601,3.16968515040527e-29,1.10537374166081,7.0756688173017e-101,3.30186085359384e-97,4.46879558699813,3.74025249021654,0.915771414256024,2.04072513829179,-3.32624565283868,TRUE,TRUE
IGFBP1,4.79956650419515,1.41953790213422,0.000722023894753871,0.00891355689118767,4,1,7.72431214466242,97.7749635990881,141.242167773428,2.03994296396062e-30,1.835099391435,3.12749131115236e-56,2.43240636724875e-53,8.03865067599251,6.02119112486153,1.34294550258149,4.14421379493736,-7.022620335774,TRUE,TRUE
F10,1.73830538220516,0.521607590548697,0.000860409593773674,0.0102355239463954,4,1,0.952993210858503,92.8531925320632,26.5633999060244,7.26817585353531e-06,1.20425512391645,1.78356743147506e-22,3.08259904406606e-20,2.94843294764507,2.56859133153895,0.838274577587628,1.0041637375271,-2.65986419591085,TRUE,TRUE
ITIH3,3.77066488220602,1.14369761544759,0.000977558013162023,0.0111712918567652,4,1,4.96968425968235,96.9850371675501,141.362760524752,1.92138499231527e-30,0.983838249551401,7.60598324625878e-39,3.54933208186666e-36,5.43718013852942,5.58319227581513,0.76974527024903,3.56297059574554,-4.64171832245762,TRUE,TRUE
CP,3.16463412982828,0.976333915878384,0.00118967506546202,0.0129011164843002,4,1,3.55806544123241,95.7948529512578,115.574878312731,6.92334427540445e-25,0.752512896710379,1.84900917775606e-18,2.2706319284207e-16,4.51604641503359,4.43819191152122,0.493090787763707,3.50547775903895,-4.26130008471022,TRUE,TRUE
PAH,3.45542280970627,1.06625857881054,0.00119237132303201,0.0129099786054034,4,1,4.18572076372634,95.1762658219786,57.3780637672718,2.13405271883384e-12,1.92206436139661,2.89627265713443e-24,6.28625876954318e-22,6.0106200952255,4.5563109389057,1.03074630505616,2.72517917521649,-6.53533065685384,TRUE,TRUE
C5,2.06599145493966,0.639643330851018,0.0012382847109068,0.0132685547725524,4,1,1.51869905641572,95.0015192328103,90.4604546295957,1.74443604866318e-19,0.652648829863613,9.02793425023704e-17,9.05996885564111e-15,2.41710118922711,3.33638606278549,0.373677282064027,2.3449216220185,-2.71285941957523,TRUE,TRUE
SERPINA1,2.2203934604772,0.690604032384657,0.00130377753046155,0.0137960948886595,4,1,1.70273533095352,91.6778719546644,28.0952195350203,3.46867080838814e-06,1.69755766217168,2.85731500885398e-20,4.04050317842942e-18,2.60003751054669,4.08475480672239,0.986114390736246,1.45126768902077,-3.88063138262337,TRUE,TRUE
GATM,2.16249719281606,0.673441526591486,0.0013222169004844,0.01387491270786,4,1,1.67870398379241,93.4945309468335,46.9937305036274,3.48629587457946e-10,1.61218433519892,1.17596882518112e-23,2.43895934342565e-21,2.17804092517869,3.93828727091611,0.654093068240058,2.0209955977332,-2.25229006108432,TRUE,TRUE
C9,4.23826209642315,1.38086028562053,0.00214567452474997,0.0193483868014411,4,1,7.32023118378789,97.3759318417182,154.169141613993,3.32143026121606e-33,1.10237149693801,1.01305009803962e-26,2.62633237916772e-24,7.0384905215848,5.68148232734976,0.728507677755216,3.76341149088867,-7.83917879807557,TRUE,TRUE
FGB,5.61274833760711,1.83235607538899,0.00219033496567504,0.0196324346178761,4,1,12.899859731076,97.9217575767616,126.960690933299,2.44338626739298e-27,2.50922951861797,7.41109895138291e-36,3.14399029605712e-33,9.78193960190282,7.34837382694536,1.24150637755596,4.50653713000876,-9.96399173890685,TRUE,TRUE
RGN,2.28077840570346,0.745808483988905,0.00222723822617357,0.019834746531372,4,1,2.04729820257845,95.5709744539808,56.4791182544828,3.31966493959876e-12,1.19708643991036,2.0415756937277e-20,2.93138860762471e-18,3.81006862004136,3.34100719252135,0.560483743281678,1.74932645247679,-3.23952829725858,TRUE,TRUE
FMO3,2.79217805278635,0.914934950003678,0.00227490529936076,0.0201248257430654,4,1,3.17078956780709,96.991943136252,136.717311961201,1.9284446688053e-29,0.658728583376306,7.80652529258619e-19,9.98058911722012e-17,3.91071069847005,4.41283243410104,0.395343096814252,2.6759601259036,-3.95441835604798,TRUE,TRUE
MST1,1.56133928384806,0.511790412393155,0.00228278452675141,0.0201523683656756,4,1,0.954434223326358,94.3965480226834,51.0071510592759,4.87495400897042e-11,0.660374779567796,7.23538344899207e-17,7.42064106916956e-15,2.23487777738816,2.65219701704689,0.419450201535663,1.17195733692308,-2.40636903853298,TRUE,TRUE
GC,5.75117888557994,1.88608833634788,0.0022940375639504,0.020198351494669,4,1,13.9110610701062,98.4726113236485,254.381288950476,7.38218460170512e-55,1.70869579404502,8.39515241268417e-53,6.02707365135241e-50,10.2197394921542,6.71949589132138,1.17733154069072,5.05719542234859,-10.2293583130093,TRUE,TRUE
APOA2,5.31182183689564,1.74563382598973,0.00234295612039929,0.0205277647811619,4,1,11.7703823812876,97.7987736967895,176.616517818223,4.74356206765876e-38,1.49249529793159,1.91237978050231e-26,4.82384878146704e-24,8.47185753867992,7.62602131320347,0.835884591761999,4.59245601685849,-9.04075556056306,TRUE,TRUE
AOX1,2.57257615019066,0.847254703047532,0.00239447786166293,0.0208466995176307,4,1,2.62659758082328,94.758111673171,85.6062125345755,1.92321114431959e-18,0.639167465806557,1.50163725715197e-11,6.43798247820437e-10,3.5611574019555,4.00118759159547,0.35426685933657,2.69426610014411,-2.68955650460675,TRUE,TRUE
CES1,2.11359068276491,0.703076765457117,0.00264533320086584,0.0223834041375167,4,1,1.74396422351496,91.3822040255011,44.6749751075067,1.08477248064639e-09,1.45088023743918,2.39462712147327e-15,2.0134283715955e-13,2.18980801224366,3.5973519364054,0.356404104197238,2.51999636650081,-2.53121889209484,TRUE,TRUE
FGA,5.88489352333882,2.03563593234486,0.00384096137351034,0.0294800102787599,4,1,16.1404374582097,98.7117394860176,176.872213309326,4.17726153994852e-38,1.81502434320508,2.86949307886221e-62,3.82585412928872e-59,10.8779444467454,7.39719733634191,1.41856078161503,4.15647763150146,-11.0236801294568,TRUE,TRUE
CPS1,2.64304730130164,0.914812836123143,0.00386263549398147,0.0295883801401532,4,1,3.07074758038234,94.6097614486563,77.7549307375594,9.30072521438895e-17,0.727840242409017,2.07159459966485e-09,5.5558024134115e-08,3.70081235371526,4.32811615711619,0.312077035584761,2.55958723627783,-3.28909340608971,TRUE,TRUE
APOH,4.85394538736303,1.68674340056549,0.00400582953766773,0.0303707612307497,4,1,10.9923931615694,97.8773014474839,195.014405419511,5.03898923678193e-42,0.779287040626858,1.43235369805672e-16,1.40717442778562e-14,7.73923359598714,7.19822254688503,0.46554275412377,4.28261186120221,-8.34862827324108,TRUE,TRUE
CPB2,4.04688307052471,1.4081110031787,0.00405334438909514,0.0306562910724675,4,1,7.69135245714258,98.0011628968448,202.533479795863,1.19599891528305e-43,0.773067876847903,6.19974290032056e-23,1.1808612344631e-20,7.1675846435459,5.05658787066404,0.501485053659262,3.65145504598994,-7.26714263216302,TRUE,TRUE
ORM2,4.21939944556693,1.46848533950004,0.00406207727577034,0.0306974633317932,4,1,8.30431938592361,97.7628260238244,178.782070316405,1.61613585513741e-38,0.661543883836946,3.42390114309532e-17,3.75944345511866e-15,6.4676903571063,6.57448801614426,0.431493659840834,3.66477995221714,-7.17128061647905,TRUE,TRUE
APOB,4.40543308419996,1.53612739850588,0.00413228797604076,0.0310520480518425,4,1,9.05758902926103,97.8983896685562,153.399643480173,4.86795825745971e-33,0.880788665688791,3.41424269673519e-32,1.22558181110114e-29,8.23973523162666,4.95028752150024,0.690864382699002,4.12836119512658,-8.45362512378459,TRUE,TRUE
HPR,3.88841602140985,1.36481521859621,0.00438510769387457,0.0325069182739725,4,1,7.14416699217377,97.4775176191556,197.197817846795,1.7006496873176e-42,0.306974950045813,2.29875119711734e-05,0.000179404461150498,5.97272912015245,5.50547399640747,0.0910499767868507,4.24194132180493,-5.71004124036336,TRUE,TRUE
ABCG5,1.47759687801478,0.521637749509046,0.00461695193015543,0.0337431576853098,4,1,0.907821503824173,92.3509958718269,49.083876205933,1.25191087101096e-10,0.528207201295491,1.16393168407321e-09,3.36314997134837e-08,2.49407130818486,2.26903421939567,0.263442810276894,1.42732182110484,-3.83391302763116,TRUE,TRUE
CYP2E1,4.26624379602619,1.50870034087451,0.00468748057746152,0.0340984070377618,4,1,8.80561404125459,97.9489319691699,197.780829176582,1.27247778949724e-42,0.566962217340621,9.68443149661757e-18,1.10225364826746e-15,6.23662447700623,7.00655548171279,0.394967956637866,3.65661747165433,-5.98942416739485,TRUE,TRUE
MBL2,3.14970690969375,1.12706424221527,0.00519620874824151,0.0366562481083432,4,1,4.89734435611029,97.6049360736579,122.42178607091,2.32178172330399e-26,1.23379632663747,5.75753396346577e-25,1.34337661202565e-22,6.1232424502298,3.3562780304932,0.615890870653777,2.7084592721467,-5.90745579660277,TRUE,TRUE
PIPOX,1.82975757032084,0.655551493157978,0.00525174080410988,0.0369641756596965,4,1,1.52901676231705,94.5487286277787,56.5987355106016,3.13013923450701e-12,0.420685510439253,7.86522961364774e-10,2.41467723632152e-08,3.04506338746372,2.84572723347855,0.273750537368729,1.57846517196624,-3.10053678767812,TRUE,TRUE
ABCB4,1.48161773106011,0.530939431371826,0.00526171331826641,0.0370064584773025,4,1,1.02307227709124,93.3555110605042,73.3713398069617,8.09323020730624e-16,0.30587002841807,2.62473011502692e-05,0.000199809185673297,2.00592294674044,2.37092791761882,0.0806222941865517,1.66258981752418,-2.19631111915886,TRUE,TRUE
MTTP,2.26671196460685,0.813077955667351,0.00530646271399194,0.0372370048945013,4,1,2.33299159942839,94.2195612976944,51.7497784510755,3.38636804875181e-11,0.865934647102168,1.95203136524934e-10,6.60083649705512e-09,4.52848264319259,2.65889478592256,0.347859596059159,2.25876352865336,-5.8605143400183,TRUE,TRUE
ARG1,3.53566003731596,1.2746261435224,0.00553920969609909,0.0382660578043618,4,1,6.21752069490394,97.4991727717425,150.098686130822,2.50886886199812e-32,0.581360176179956,1.92829143574024e-12,9.67763230840558e-11,6.12281306027417,4.95024138412795,0.322836429801718,3.03750392938689,-6.08576450175227,TRUE,TRUE
SERPINA5,2.27852855106856,0.826026877702403,0.00580816292642706,0.0395675799944115,4,1,2.52184900461165,97.5234027821685,70.2259906195901,3.81826574467096e-15,0.759567841168715,4.61661341344626e-23,9.16741552929659e-21,4.07550327402254,3.49123286409524,0.531202266097803,1.45864787923791,-3.29681569151826,TRUE,TRUE
AKR1D1,2.69157574369849,0.977450206459013,0.00589310757232664,0.0400002712527451,4,1,3.64475040934486,96.9052560566228,117.628323201825,2.50136055358233e-25,0.587041951113432,9.05770896554124e-16,7.97505639390532e-14,5.14311300685608,2.91286688368146,0.379424224628629,2.53924809270594,-5.0458063496439,TRUE,TRUE
CYP2C8,3.75855294701424,1.36597954344511,0.00593150336654659,0.0401732372423653,4,1,7.16905126644408,97.4018715872981,169.281409998109,1.81884936425495e-36,0.503392435790511,9.3170612431735e-08,1.58969313311784e-06,6.51280322087543,4.94343777363118,0.168237432135994,3.65670561478059,-5.99252904094534,TRUE,TRUE
HSD11B1,2.03629584549013,0.740374752855273,0.00595301326058821,0.0402896829304349,4,1,2.02873771510422,95.4121520474564,90.4938798114403,1.71583440097906e-19,0.540827839339561,2.67334422538496e-09,7.02825962127262e-08,2.13554689088829,3.7150465854584,0.202970789353212,2.29474689330023,-1.87156915048754,TRUE,TRUE
C4BPA,2.51743009324977,0.915676591345968,0.00597305700424022,0.0403375839512113,4,1,3.04425847610839,95.0201791239109,61.0719169313947,3.46902010949957e-13,0.79142754106092,4.5725920856461e-11,1.75621407141297e-09,3.65201538239395,4.43420589521301,0.435110486787123,1.96028228164784,-5.93122458184321,TRUE,TRUE
APOM,1.89717858383356,0.69023919340971,0.00598537776178165,0.0403915622926306,4,1,1.80439569159478,96.7569497773371,107.429295443027,3.92205736477176e-23,0.402218946938469,1.73564578192174e-11,7.2967486858899e-10,2.41344134274641,3.48435283920945,0.213171874625415,1.66709832203732,-2.56185793266283,TRUE,TRUE
PON3,1.84519292281287,0.677453272317556,0.00645512372236356,0.0426367089177772,4,1,1.65993290552034,94.4447711245441,53.5728637120064,1.38389738704282e-11,0.73647607883825,7.58102807544774e-12,3.46411665692942e-10,2.20014554491149,3.54530940894433,0.3815167970028,1.50991148393768,-2.71027581599861,TRUE,TRUE
HRG,4.65285676980502,1.721068635356,0.00686197203988573,0.0439530072851877,4,1,11.4948847212986,98.0857924360417,221.726053096072,8.50341479869069e-48,0.353051563470511,1.03586984003293e-08,2.31651437922314e-07,8.09848027212929,6.39080199663723,0.209569717271087,4.14417368336579,-7.88771443574496,TRUE,TRUE
F9,3.70901251925348,1.37510209685811,0.00699119520687161,0.0445080660748518,4,1,7.34835720122063,98.0403017396396,219.293687853987,2.8536513014396e-47,0.51224366520665,1.30226493628654e-12,6.78996572645938e-11,6.87838747061415,4.34165416407737,0.265489133155609,3.50498944886173,-7.05227359757691,TRUE,TRUE
C6,3.02372670422947,1.13657922836818,0.00780537469721522,0.0483715551454911,4,1,4.84513726883927,97.280426654767,122.465478712658,2.27200824164054e-26,0.379954699623325,1.8309702152731e-09,5.02601324092465e-08,5.50988717728075,4.25243204276394,0.234517104952568,2.56004465490944,-3.37001088790258,TRUE,TRUE
ASGR2,2.97644120511416,1.12084257156596,0.00791817679224068,0.0488113236472802,4,1,4.84500408612414,98.0816228065114,159.596482778083,2.23981369869175e-34,0.513983696236055,1.40374735223636e-13,8.9491316517791e-12,4.68334779613789,4.98053815165099,0.27739328906144,2.17197901758098,-4.5236311959557,TRUE,TRUE
TTR,3.61967901026672,1.36379487686168,0.00795148954047589,0.0489372361982396,4,1,6.9977845687144,97.5682680311115,116.638334580166,4.08643748420728e-25,0.66997666114684,5.45320312943483e-12,2.55752486467413e-10,5.88571800353341,5.95075177339609,0.375877120500977,2.73035125524765,-6.75636899350987,TRUE,TRUE
GYS2,2.36975543216585,0.893078610071704,0.00796693457521504,0.0489698824887993,4,1,3.00093807570808,96.4993425998994,88.3224629297338,5.02149165385536e-19,0.678945984344031,7.72973813888605e-11,2.81803304883685e-09,4.67502176447268,2.67375627416227,0.260119715048998,2.18895021060402,-4.73375588414225,TRUE,TRUE
APOA1,5.17238145070377,1.95397762418873,0.0081184446959333,0.0495549014696831,4,1,14.87633712012,98.371795822483,181.310452511802,4.59687573432293e-39,1.71051060657766,4.54460078341489e-22,7.57406412707342e-20,9.03433091584614,7.78389062163745,0.574104421099369,3.54029085203473,-8.26831241160155,TRUE,TRUE
FGL1,4.64515399347219,1.75731048694858,0.0082094639330501,0.0499146103499391,4,1,11.9561411119071,98.5502510671929,180.270406510395,7.71028225804164e-39,0.818342417340315,1.44227590960255e-19,1.89588184004516e-17,8.15068105655923,7.01620018264071,0.511809979659196,3.23376254520967,-8.61645218299625,TRUE,TRUE
