gene,PM_mut,PM_n,nonPM_mut,nonPM_n,pct_PM,pct_nonPM,OR,lo,hi,p,fdr,OR_ci_lo,OR_ci_hi
RNF43,10,124,51,1023,8.1,5,1.67092928263886,0.73564803063363,3.44648095726361,0.142079634626278,0.271434279668965,0.73564803063363,3.44648095726361
SMAD4,27,124,150,1023,21.8,14.7,1.61922472530603,0.981072842140419,2.60348301263709,0.0475610505361765,0.214024727412794,0.981072842140419,2.60348301263709
PTEN,7,124,42,1023,5.6,4.1,1.39697285998231,0.517546697737366,3.23466344801945,0.476581947993074,0.612748218848238,0.517546697737366,3.23466344801945
KRAS,62,124,440,1023,50,43,1.32465614739226,0.895829888497827,1.95901971286132,0.150796822038314,0.271434279668965,0.895829888497827,1.95901971286132
BRAF,11,124,77,1023,8.9,7.5,1.1957367591044,0.556271306179893,2.34821780166406,0.591574881043176,0.665521741173573,0.556271306179893,2.34821780166406
NRAS,5,124,49,1023,4,4.8,0.835321573041501,0.254728904227661,2.14408505294744,1,1,0.254728904227661,2.14408505294744
TP53,93,124,812,1023,75,79.4,0.779735589657739,0.498413510534997,1.24643448231832,0.293730432017448,0.440595648026173,0.498413510534997,1.24643448231832
PIK3CA,13,124,165,1023,10.5,16.1,0.609254209988248,0.307065799803783,1.11826406946443,0.114957575903575,0.271434279668965,0.307065799803783,1.11826406946443
APC,80,124,815,1023,64.5,79.7,0.46438632386375,0.306989465005784,0.709124966878096,0.000318737114721977,0.00286863403249779,0.306989465005784,0.709124966878096
