model,term,n,OR,CI_lo,CI_hi,p
full: hasPM ~ APC + age + sex,(Intercept),887,1.95130302515789,0.758307981730058,5.01269098360133,0.164574606464629
full: hasPM ~ APC + age + sex,APC_mutTRUE,887,0.379321427757168,0.24850771358657,0.583593156267235,8.17201426996497e-06
full: hasPM ~ APC + age + sex,age,887,0.975259098338593,0.959994455018221,0.990515772280464,0.00167704325276437
full: hasPM ~ APC + age + sex,sex_male,887,0.436111427177695,0.288302444287781,0.65172164920523,6.40390562462932e-05
subset: + MSI + TMB + side,(Intercept),302,0.446406166638714,0.0694267040586645,2.70979144188354,0.385358246867515
subset: + MSI + TMB + side,APC_mutTRUE,302,0.543534994539352,0.2452636748632,1.25210484641405,0.139676058008427
subset: + MSI + TMB + side,age,302,0.991936751917862,0.963172580576321,1.02139120869162,0.586945742203616
subset: + MSI + TMB + side,sex_male,302,0.299085253204208,0.130872852097211,0.636394075227086,0.00252264561137806
subset: + MSI + TMB + side,msi_unstable,302,10.1557691233144,0.000287717018345551,512386.579102399,0.664636325003317
subset: + MSI + TMB + side,tmb,302,0.995631426402544,0.870302994386709,1.13320217859948,0.947608132452075
subset: + MSI + TMB + side,sideRight,302,2.55858261491743,1.17927026438898,5.49426944559318,0.0160177448107036
