config_id,contrast,case,ctrl,geneset,set_size,n_universe,det_median_real,det_median_universe,n_case,n_ctrl,auc_real,boot_ci_lo,boot_ci_hi,null_mean,null_sd,null_q025,null_q975,null_min,null_max,emp_p_greater,z_score
A_apparent_LMcore,main,GSE50760,GSE190609+GSE225182,LM_core,57,11788,0.9454,1,18,54,0.933127572016461,0.844624485596708,0.995884773662551,0.488815843621399,0.259704272100772,0.0678755144032922,0.94565329218107,0.00720164609053498,1,0.030969030969031,1.71083719494093
A_apparent_LMcore,strata_50760_vs_190609,GSE50760,GSE190609+GSE225182,LM_core,57,11788,0.9454,1,18,35,0.934920634920635,0.828571428571429,0.998412698412698,0.498209523809524,0.303506583193776,0.0301587301587302,0.995238095238095,0.00158730158730159,1,0.0969030969030969,1.4388851355896
A_apparent_LMcore,strata_50760_vs_225182,GSE50760,GSE190609+GSE225182,LM_core,57,11788,0.9454,1,18,19,0.929824561403509,0.830409356725146,1,0.471511695906433,0.249257392611372,0.0701023391812866,0.947441520467836,0.00292397660818713,1,0.034965034965035,1.83871323010929
B_apparent_PMcore,main,GSE190609+GSE225182,GSE50760,PM_core,32,11788,0.9761,1,54,18,0.719135802469136,0.559670781893004,0.859079218106996,0.56067438271605,0.241868379697624,0.0895061728395062,0.953755144032922,0.00823045267489712,1,0.301698301698302,0.655155584831674
B_apparent_PMcore,strata_190609_vs_50760,GSE190609+GSE225182,GSE50760,PM_core,32,11788,0.9761,1,35,18,0.774603174603175,0.620634920634921,0.912698412698413,0.584951587301587,0.273296779071427,0.045952380952381,0.985753968253968,0.00158730158730159,1,0.320679320679321,0.693940074764003
B_apparent_PMcore,strata_225182_vs_50760,GSE190609+GSE225182,GSE50760,PM_core,32,11788,0.9761,1,19,18,0.616959064327485,0.426900584795322,0.795321637426901,0.515953216374269,0.237973632761597,0.0612573099415205,0.91812865497076,0,1,0.372627372627373,0.424441341593521
C_LOCO_main_LMcore,main,PT_LM760,PT_PM190+PT_PM225,LM_core_LOCO,21,19190,0.9583,1,18,54,0.73559670781893,0.597659465020576,0.863194444444444,0.46000462962963,0.290680545034036,0.0257201646090535,0.976388888888889,0,1,0.222777222777223,0.948092615407168
C_LOCO_main_LMcore,strata_LM760_vs_PM190,PT_LM760,PT_PM190+PT_PM225,LM_core_LOCO,21,19190,0.9583,1,18,35,0.715873015873016,0.550793650793651,0.857142857142857,0.455974603174603,0.327449940963083,0.00476190476190476,0.996825396825397,0,1,0.286713286713287,0.793704258837273
C_LOCO_main_LMcore,strata_LM760_vs_PM225,PT_LM760,PT_PM190+PT_PM225,LM_core_LOCO,21,19190,0.9583,1,18,19,0.771929824561403,0.611038011695906,0.903508771929825,0.467428362573099,0.280036563540371,0.0350877192982456,0.985380116959064,0,1,0.188811188811189,1.08736322906779
D_LOCO_sens_LMcore,main,PT_LM760,PT_PM190+PT_PM225,LM_core_LOCO,19,14987,0.9722,1,18,54,0.595679012345679,0.441332304526749,0.733564814814815,0.484121399176955,0.273814545886453,0.0452417695473251,0.962988683127572,0,1,0.366633366633367,0.407420331916865
D_LOCO_sens_LMcore,strata_LM760_vs_PM190,PT_LM760,PT_PM190+PT_PM225,LM_core_LOCO,19,14987,0.9722,1,18,35,0.553968253968254,0.384126984126984,0.707936507936508,0.47428253968254,0.30763601268099,0.0142460317460317,0.996825396825397,0,1,0.415584415584416,0.259025962504416
D_LOCO_sens_LMcore,strata_LM760_vs_PM225,PT_LM760,PT_PM190+PT_PM225,LM_core_LOCO,19,14987,0.9722,1,18,19,0.672514619883041,0.491228070175439,0.842105263157895,0.502245614035088,0.259296272197612,0.0730263157894737,0.982456140350877,0,1,0.287712287712288,0.656658132432347
E_LOCO_T2_PMcore,main,PT_PM225,PT_LM760,PM_core_LOCO,73,19190,0.7917,1,19,18,0.532163742690059,0.350877192982456,0.716374269005848,0.600323099415205,0.258150068720862,0.0555555555555556,0.964912280701754,0,1,0.637362637362637,-0.264029977070612
