model,term,coef,HR,se,z,p,HR_lo95,HR_hi95,n,events
M0_fullcohort_no_burden,hasPMTRUE,0.350456968568918,1.41971616604774,0.152818002380293,2.29329635978878,0.0218309486706459,1.05225890106843,1.9154924611146,1136,524
M0_fullcohort_no_burden,hasLiverTRUE,-0.157216105862879,0.854519372216195,0.113142959093721,-1.38953503710867,0.164670114361883,0.6845646222205,1.06666826445723,1136,524
M0_fullcohort_no_burden,hasLungTRUE,-0.51531477708759,0.597312544719683,0.168214179158648,-3.06344435210531,0.00218804895402001,0.429553702724314,0.83058829156103,1136,524
M0_fullcohort_no_burden,BRAF_mutTRUE,0.544146960030907,1.72313784979594,0.148857250927578,3.65549515821468,0.000256686053304656,1.28710062257302,2.30689349171761,1136,524
M0_fullcohort_no_burden,age,0.00545251100533637,1.00546740299742,0.00360924534130857,1.5107066684914,0.130863202661954,0.998379834013251,1.01260528713458,1136,524
M0_subset_no_burden,hasPMTRUE,0.323507088636449,1.38196595248753,0.241839573589206,1.33769293352281,0.180996555474044,0.860286534448828,2.2199927784042,405,226
M0_subset_no_burden,hasLiverTRUE,-0.300213012449926,0.740660433983443,0.183812474061886,-1.63325701360644,0.102414953490666,0.516603903857616,1.06189263064442,405,226
M0_subset_no_burden,hasLungTRUE,-0.465612040135545,0.627750778918269,0.258376074674667,-1.80207103433172,0.0715342302626292,0.37831812341707,1.04163934012238,405,226
M0_subset_no_burden,BRAF_mutTRUE,0.614723976276085,1.8491461209111,0.214573859379129,2.8648595782114,0.00417194198246287,1.21429898094966,2.81589742734235,405,226
M0_subset_no_burden,age,-0.00409259265935323,0.995915770584977,0.00547412346144155,-0.747625202131538,0.454686258963758,0.985287622899747,1.00665856248231,405,226
M1_subset_with_met_count,hasPMTRUE,0.395628674001743,1.48531767806915,0.241852219189941,1.63582817361305,0.10187555381837,0.924601019128322,2.38607632821411,405,226
M1_subset_with_met_count,hasLiverTRUE,-0.0624989391530944,0.939414059387445,0.187821522910167,-0.332757067372874,0.739317668332577,0.650104370112506,1.35747245449538,405,226
M1_subset_with_met_count,hasLungTRUE,-0.323564410037809,0.723565351549789,0.258418690085213,-1.25209368537204,0.210535728389331,0.436024983557742,1.20072665032057,405,226
M1_subset_with_met_count,BRAF_mutTRUE,0.565659999295938,1.76060940031088,0.214577937133069,2.63615172581862,0.00838522285334781,1.15614936529739,2.68109428894225,405,226
M1_subset_with_met_count,age,-0.00117600693970677,0.998824684285466,0.00552775136509683,-0.212745990554546,0.831525092536071,0.988061634057407,1.00970497745285,405,226
M1_subset_with_met_count,met_count,0.0791664291500544,1.08238444740446,0.0144137340108684,5.49243028144964,3.96440071656304e-08,1.05223453302513,1.1133982541087,405,226
