signature,core,universe,N,sig_total,sig_in_universe,core_size,overlap,expected,fold_enrichment,hypergeom_p,expected_N20000,hypergeom_p_N20000,overlap_genes,fdr_BH
Gelli2023_LM,PM_core,meta_PM_detectable,14085,21,10,49,0,0.035,0,1,0.024,1,"",1
Gelli2023_LM,LM_core,meta_LM_detectable,9333,21,9,57,0,0.055,0,1,0.026,1,"",1
Gelli2023_PM,PM_core,meta_PM_detectable,14085,40,14,49,0,0.049,0,1,0.034,1,"",1
Gelli2023_PM,LM_core,meta_LM_detectable,9333,40,6,57,0,0.037,0,1,0.017,1,"",1
Laoukili2022_PM366,PM_core,meta_PM_detectable,14085,366,275,49,24,0.957,25.09,1.401e-28,0.674,3.51e-32,"FABP4,CD36,PLAC9,RBP7,ADAMTS15,CADM3,KCNAB1,SRPX,KCNA1,NGF,LIPE,LPL,NPR1,FMO1,PI16,EBF2,MEDAG,NTRK2,MEOX2,OLFML2B,VIT,MFAP5,GALNT13,LRRN1",1.961e-27
Laoukili2022_PM366,LM_core,meta_LM_detectable,9333,366,162,57,2,0.989,2.02,0.2603,0.462,0.07795,"HP,C6",1
Laoukili2022_PT138,PM_core,meta_PM_detectable,14085,138,82,49,0,0.285,0,1,0.201,1,"",1
Laoukili2022_PT138,LM_core,meta_LM_detectable,9333,138,54,57,2,0.33,6.06,0.04283,0.154,0.01039,"C4BPA,SERPINA1",0.2998
Lenos2022_PMhigh_up,PM_core,meta_PM_detectable,14085,855,722,49,0,2.512,0,1,1.769,1,"",1
Lenos2022_PMhigh_up,LM_core,meta_LM_detectable,9333,855,538,57,2,3.286,0.61,0.8487,1.533,0.4559,"AKR1D1,HPR",1
Yu2025_LM_malignant,PM_core,meta_PM_detectable,14085,1060,932,49,0,3.242,0,1,2.283,1,"",1
Yu2025_LM_malignant,LM_core,meta_LM_detectable,9333,1060,852,57,0,5.203,0,1,2.428,1,"",1
Yu2025_PM_malignant,PM_core,meta_PM_detectable,14085,805,714,49,1,2.484,0.4,0.9222,1.749,0.8319,FABP4,1
Yu2025_PM_malignant,LM_core,meta_LM_detectable,9333,805,657,57,1,4.013,0.25,0.9846,1.872,0.8514,SERPINA1,1
