gene	slope	observed_d	predicted_d	frac
GC	3.24852275864247	10.2447935049276	11.1481351414983	1.08817568027469
FGG	3.75408387646098	11.8492538306313	12.8830971788531	1.08724965833285
APOC3	3.06823815755457	9.01101012259982	10.5294425091281	1.16850856517407
F9	2.41203365664394	6.90995803140626	8.27750924587825	1.19791020556946
FGA	3.56712761808428	10.9159040671422	12.2415090513304	1.12143794742374
CPB2	2.37347481651574	7.22378669109653	8.14518474253131	1.12755056189165
APOA1	2.89466663388152	9.03060819371315	9.93378751564685	1.10001312232353
HRG	2.87675095214873	8.16273841939317	9.87230528019756	1.20943545817207
MBL2	2.00623992672236	6.15617963804267	6.88492446908916	1.11837614785364
ORM1	3.14080136018523	8.46893374658677	10.7784616631649	1.2727058666044
APOA2	3.03237173450236	8.52737935958388	10.4063577223079	1.22034651954498
C9	2.58546965746037	7.0780127242342	8.87269915808026	1.25355795528613
CYP2E1	2.1821987918178	6.29096450342818	7.48877223411094	1.19040128584894
APOH	2.89583805325397	7.83440461644236	9.93780754026779	1.26848280460406
AKR1D1	1.70876622182989	5.12582266706404	5.86406751053445	1.14402465543999
IGFBP1	2.51913818186191	8.11261496296208	8.64506576621335	1.06563245090296
CYP2C8	2.11635144302124	6.56955654894915	7.26280024695447	1.10552366706033
FGB	3.44296064124244	9.87919093882757	11.8153983724806	1.19598846156959
FGL1	3.18656248428299	8.20588308732728	10.9355026425798	1.33264177983086
APOB	3.01451493204462	8.30607604254303	10.3450775461219	1.24548312502019
COLEC11	1.04130354591336	4.39290169375594	3.57349894572223	0.813471184843857
ORM2	2.22646051445612	6.45501534017859	7.64066763464483	1.18367923730348
ASGR2	1.61445446910974	4.6925293788718	5.54041265481315	1.18068789931481
ARG1	2.14614342457319	6.08076273662204	7.36503903706008	1.21120315921938
HPR	2.04402291105279	5.95633153362017	7.01458642520265	1.17766890335255
HP	2.81868370684138	8.82919081280503	9.67303270429867	1.09557409159963
ITIH3	1.6835352576023	5.39709758150868	5.77748101573121	1.07047925824535
ALDH8A1	1.18898986403779	4.20095341558403	4.08032224828992	0.971284811955634
GYS2	1.67625239918652	4.68179432990848	5.75248802788172	1.22869302291504
APOM	0.855101766874634	2.39352653956185	2.93450000665412	1.22601523657695
C5	0.8964280160237	2.4382782393129	3.07632158053084	1.26167782287133
FMO3	1.25793639484452	3.94595763617945	4.31692986968521	1.09401323270793
CP	1.65727197739576	4.58651940515583	5.68735186511263	1.24001478304427
PAH	2.14617908312404	5.97031748603897	7.36516140848037	1.23362977357622
SERPINA3	1.6461096141488	5.40920127528337	5.64904536606022	1.04434001963891
RGN	1.17649438561125	3.81803616184872	4.0374408241761	1.05746531803961
MST1	0.742523365724488	2.25221122356982	2.54815848366596	1.1314029772159
C6	1.75550812822106	5.51190355192765	6.02447429476699	1.09299341652306
CBS	0.436306544549956	2.21909571546007	1.49729728961347	0.674733081219549
TTR	2.62827982787783	5.86545414974666	9.0196131866105	1.53775188695322
GATM	0.726608970651466	2.17469586902668	2.49354417428573	1.14661742352127
SERPINA5	1.21341043230553	4.15008925229994	4.16412766247601	1.00338267669022
CPS1	1.29800279126307	3.72885170233007	4.45442793729719	1.19458436346871
AOX1	1.29357898754874	3.55184718876748	4.43924652552606	1.24984164284008
ABCB4	0.830329514192766	2.01091463038796	2.84948769762163	1.41701077438175
F10	0.600483042481665	2.90303690023955	2.06071085386551	0.709846593302161
PIPOX	1.21629017003118	3.02838506068761	4.17401021763195	1.37829573650196
ABAT	0.390915347583809	1.6120020453763	1.34152580958714	0.832210984741015
MTTP	1.62885851789263	4.51406483052221	5.58984382533187	1.23831713437869
C4BPA	1.68065305196452	3.60620661004717	5.76758999130477	1.59935095655247
SERPINA1	1.41100521480026	2.61924320497981	4.84222460135253	1.8487113346887
HSD11B1	0.864442507598715	2.09593235970919	2.96655514298854	1.41538687030919
PON3	1.0250793604856	2.17044072180964	3.51782151165523	1.62078672608123
CES1	1.10767339557291	2.27274303563778	3.80126402797604	1.67254457207447
GAS2	0.684650035814281	1.57930640447864	2.34955137795582	1.48771091619264
ABCG5	1.47595894011175	2.54487832367678	5.06512989139239	1.99032301240808
CYP4F3	0.623763166440715	1.84510794048818	2.14060254226938	1.16015030627586
