gene	beta	fdr	class	hep_cor
GC	5.75117888557994	0.0201983514946691	hepatic_secreted_acute_phase	0.460095822330217
FGG	6.92962282570705	0.00301907723134999	hepatic_secreted_acute_phase	0.694899372860664
APOC3	5.78809884106156	0.00391505622620542	hepatic_secreted_acute_phase	0.51630618289969
F9	3.70901251925349	0.0445080660748517	hepatic_secreted_acute_phase	0.496593570944533
FGA	5.88489352333882	0.0294800102787597	hepatic_secreted_acute_phase	0.607529003766456
CPB2	4.0468830705247	0.0306562910724676	hepatic_secreted_acute_phase	0.309538649467212
APOA1	5.17238145070378	0.049554901469683	hepatic_secreted_acute_phase	0.516002178967483
HRG	4.65285676980502	0.0439530072851888	hepatic_secreted_acute_phase	0.390469439739615
MBL2	3.14970690969375	0.0366562481083428	hepatic_secreted_acute_phase	0.213709297216665
ORM1	5.75972760938833	0.000533581236816966	hepatic_secreted_acute_phase	0.6184325404105
APOA2	5.31182183689564	0.0205277647811623	hepatic_secreted_acute_phase	0.45162162509617
C9	4.23826209642315	0.0193483868014411	hepatic_secreted_acute_phase	0.444308898727429
CYP2E1	4.26624379602619	0.0340984070377618	hepatic_metabolic_xenobiotic	0.54424778761062
APOH	4.85394538736303	0.0303707612307498	hepatic_secreted_acute_phase	0.506487017055512
AKR1D1	2.69157574369849	0.0400002712527452	hepatic_metabolic_xenobiotic	0.132700431798711
IGFBP1	4.79956650419515	0.0089135568911877	hepatic_secreted_acute_phase	0.578968804352195
CYP2C8	3.75855294701425	0.0401732372423652	hepatic_metabolic_xenobiotic	0.329463109140681
FGB	5.61274833760711	0.0196324346178764	hepatic_secreted_acute_phase	0.618370401242622
FGL1	4.64515399347219	0.0499146103499391	hepatic_secreted_acute_phase	0.559333418315315
APOB	4.40543308419996	0.0310520480518425	hepatic_secreted_acute_phase	0.613716172252396
COLEC11	2.73646086150408	0.0082441703620451	hepatic_secreted_acute_phase	0.255073524519263
ORM2	4.21939944556692	0.0306974633317933	hepatic_secreted_acute_phase	0.0562888289929727
ASGR2	2.97644120511416	0.0488113236472804	hepatic_secreted_acute_phase	0.432879765786147
ARG1	3.53566003731596	0.0382660578043619	hepatic_metabolic_xenobiotic	0.240749064277306
HPR	3.88841602140986	0.0325069182739723	hepatic_secreted_acute_phase	0.342907550307551
HP	5.84394822735533	0.00114392929699505	hepatic_secreted_acute_phase	0.488226438743052
ITIH3	3.77066488220602	0.0111712918567654	hepatic_secreted_acute_phase	0.256994810033934
ALDH8A1	2.81451888638376	0.0021721031732103	hepatic_metabolic_xenobiotic	0.235503517166316
GYS2	2.36975543216585	0.0489698824887988	hepatic_metabolic_xenobiotic	0.294672817011633
APOM	1.89717858383356	0.0403915622926302	hepatic_secreted_acute_phase	0.190997405016967
C5	2.06599145493966	0.0132685547725523	hepatic_secreted_acute_phase	0.248195156031672
FMO3	2.79217805278635	0.0201248257430654	hepatic_metabolic_xenobiotic	0.325869984696254
CP	3.16463412982828	0.0129011164843003	hepatic_secreted_acute_phase	0.431890012642225
PAH	3.45542280970627	0.0129099786054032	hepatic_metabolic_xenobiotic	0.249990187444066
SERPINA3	3.87298322922004	0.0022039460424499	hepatic_secreted_acute_phase	0.466253020005474
RGN	2.28077840570346	0.0198347465313718	hepatic_metabolic_xenobiotic	0.391789190460106
MST1	1.56133928384806	0.0201523683656754	hepatic_secreted_acute_phase	0.424712223035465
C6	3.02372670422947	0.0483715551454908	hepatic_secreted_acute_phase	0.392393380969772
CBS	1.56707407740241	0.00667155962950124	hepatic_metabolic_xenobiotic	0.0210676026349059
TTR	3.61967901026672	0.0489372361982406	hepatic_secreted_acute_phase	0.272978912213401
GATM	2.16249719281606	0.0138749127078605	hepatic_metabolic_xenobiotic	0.163575420853018
SERPINA5	2.27852855106856	0.0395675799944115	hepatic_secreted_acute_phase	0.250116441546344
CPS1	2.64304730130164	0.0295883801401529	hepatic_metabolic_xenobiotic	0.201527047707765
AOX1	2.57257615019066	0.0208466995176309	hepatic_metabolic_xenobiotic	0.47972253642957
ABCB4	1.48161773106011	0.0370064584773023	hepatic_metabolic_xenobiotic	0.281031672100606
F10	1.73830538220516	0.0102355239463957	hepatic_secreted_acute_phase	0.0522157162818551
PIPOX	1.82975757032084	0.0369641756596962	hepatic_metabolic_xenobiotic	0.328440015969127
ABAT	1.35396540685058	6.19903602584678e-09	hepatic_metabolic_xenobiotic	-0.120591855745559
MTTP	2.26671196460685	0.0372370048945014	hepatic_metabolic_xenobiotic	0.0439399691760216
C4BPA	2.51743009324977	0.0403375839512114	hepatic_secreted_acute_phase	0.269753476611884
SERPINA1	2.2203934604772	0.0137960948886593	hepatic_secreted_acute_phase	0.576884689600107
HSD11B1	2.03629584549013	0.0402896829304349	hepatic_metabolic_xenobiotic	0.431573957016435
PON3	1.84519292281287	0.0426367089177772	hepatic_secreted_acute_phase	0.26650974782088
CES1	2.11359068276491	0.0223834041375167	hepatic_metabolic_xenobiotic	0.328988954687604
GAS2	1.00151099730001	1.40672251399431e-06	other	0.323649278062413
ABCG5	1.47759687801477	0.0337431576853099	hepatic_metabolic_xenobiotic	0.446663464367914
CYP4F3	1.19571103752914	1.54080410513553e-06	hepatic_metabolic_xenobiotic	0.129907179453057
