gene	logFC_raw	adjP_raw	logFC_adj	adjP_adj	sig_raw	sig_adj
GC	6.71949589132138	1.56654971269382e-05	6.65803576367017	1.07607233971341e-05	TRUE	TRUE
FGG	7.67554421926625	1.56654971269382e-05	7.61852073734408	1.07607233971341e-05	TRUE	TRUE
APOC3	7.8928050333009	1.56654971269382e-05	7.83770452322601	1.07607233971341e-05	TRUE	TRUE
F9	4.34165416407737	2.59435406959637e-05	4.28767382622715	1.5224800785891e-05	TRUE	TRUE
FGA	7.3971973363419	1.56654971269382e-05	7.34159159811145	1.07607233971341e-05	TRUE	TRUE
CPB2	5.05658787066404	1.56654971269382e-05	5.00364226083382	1.07607233971341e-05	TRUE	TRUE
APOA1	7.78389062163745	1.56654971269382e-05	7.7260863863114	1.07607233971341e-05	TRUE	TRUE
HRG	6.39080199663723	1.88103193411966e-05	6.33103334449224	1.3986514804086e-05	TRUE	TRUE
MBL2	3.3562780304932	2.59435406959637e-05	3.3129164276675	1.3986514804086e-05	TRUE	TRUE
ORM1	7.81100616373084	1.56654971269382e-05	7.75850428287706	1.07607233971341e-05	TRUE	TRUE
APOA2	7.62602131320346	1.61445125937436e-05	7.56425862995466	1.24406222556348e-05	TRUE	TRUE
C9	5.68148232734977	1.56654971269382e-05	5.62608378679695	1.07607233971341e-05	TRUE	TRUE
CYP2E1	7.00655548171279	1.56654971269382e-05	6.93064826820989	1.07607233971341e-05	TRUE	TRUE
APOH	7.19822254688503	1.56654971269382e-05	7.14524367214988	1.07607233971341e-05	TRUE	TRUE
AKR1D1	2.91286688368146	0.00028404245978318	2.85583136019676	9.33237660347148e-05	TRUE	TRUE
IGFBP1	6.02119112486152	1.56654971269382e-05	5.96787713340689	1.07607233971341e-05	TRUE	TRUE
CYP2C8	4.94343777363119	2.59435406959637e-05	4.8936322707121	1.98580962965352e-05	TRUE	TRUE
FGB	7.34837382694536	1.56654971269382e-05	7.29682381560241	1.07607233971341e-05	TRUE	TRUE
FGL1	7.01620018264072	1.56654971269382e-05	6.96265100613714	1.07607233971341e-05	TRUE	TRUE
APOB	4.95028752150024	1.88103193411966e-05	4.89451929921206	1.22011897106014e-05	TRUE	TRUE
COLEC11	3.74025249021654	1.56654971269382e-05	3.68820367450183	3.49581799648719e-06	TRUE	TRUE
ORM2	6.57448801614426	1.56654971269382e-05	6.52526048451393	1.1590642668098e-05	TRUE	TRUE
ASGR2	4.98053815165099	1.56654971269382e-05	4.93308568543815	1.07607233971341e-05	TRUE	TRUE
ARG1	4.95024138412795	1.62699695335153e-05	4.89171252314301	1.07607233971341e-05	TRUE	TRUE
HPR	5.50547399640747	1.56654971269382e-05	5.45233439746769	1.07607233971341e-05	TRUE	TRUE
HP	7.97911765064005	1.56654971269382e-05	7.91450901724316	1.07607233971341e-05	TRUE	TRUE
ITIH3	5.58319227581513	1.56654971269382e-05	5.52541738402386	1.07607233971341e-05	TRUE	TRUE
ALDH8A1	3.54799358648515	4.80975181807568e-05	3.49430442244033	2.03776607363409e-05	TRUE	TRUE
GYS2	2.67375627416227	0.000231007112327623	2.63025202817511	0.000118201228235714	TRUE	TRUE
APOM	3.48435283920945	5.19198766920305e-05	3.44486166473696	4.09162575454141e-05	TRUE	TRUE
C5	3.33638606278549	0.00028026483248728	3.27392663330462	0.00010555857219568	TRUE	TRUE
FMO3	4.41283243410104	1.75211266145538e-05	4.34905076705352	1.07607233971341e-05	TRUE	TRUE
CP	4.43819191152122	6.35926331378421e-05	4.38219323982187	4.27792670670028e-05	TRUE	TRUE
PAH	4.5563109389057	2.75430631751621e-05	4.50178314706175	1.86579180101899e-05	TRUE	TRUE
SERPINA3	5.59626565816111	1.56654971269382e-05	5.52356572388581	1.07607233971341e-05	TRUE	TRUE
RGN	3.34100719252135	0.000414329185647275	3.26410556009267	7.74722148496748e-05	TRUE	TRUE
MST1	2.65219701704689	0.000234606846933772	2.61892072515338	0.000187605405532063	TRUE	TRUE
C6	4.25243204276394	3.1301272118333e-05	4.19684612391474	1.82804669769335e-05	TRUE	TRUE
CBS	2.46423620095607	0.000389754751888403	2.42398769921733	0.000225157555529925	TRUE	TRUE
TTR	5.95075177339609	2.26170853186996e-05	5.90227622437961	2.0108220607071e-05	TRUE	TRUE
GATM	3.9382872709161	2.37899324233215e-05	3.87641261716195	1.07607233971341e-05	TRUE	TRUE
SERPINA5	3.49123286409524	7.12471046089996e-05	3.42829033150173	1.94832967098171e-05	TRUE	TRUE
CPS1	4.32811615711619	0.000103135418109942	4.27194548192495	7.08909034493589e-05	TRUE	TRUE
AOX1	4.00118759159547	0.000303281695201477	3.92364394702783	0.000104328091331961	TRUE	TRUE
ABCB4	2.37092791761881	0.000270144890406655	2.33606821824044	0.000179343355899277	TRUE	TRUE
F10	2.56859133153895	0.00014027048533915	2.53490736062105	9.94278182194601e-05	TRUE	TRUE
PIPOX	2.84572723347855	0.00226561466124416	2.79947196220594	0.00180484573394901	TRUE	TRUE
ABAT	1.4529349246904	0.0207952833412853	1.43345417300133	0.0212964552146104	TRUE	TRUE
MTTP	2.65889478592256	0.000511374472992732	2.61408628353894	0.00030055391029882	TRUE	TRUE
C4BPA	4.43420589521302	3.33590074449764e-05	4.40344997927062	3.78195859728271e-05	TRUE	TRUE
SERPINA1	4.08475480672239	5.36001935586558e-05	4.07303101144729	7.30654563496145e-05	TRUE	TRUE
HSD11B1	3.7150465854584	0.000128593246963531	3.64244715348979	3.08482983809635e-05	TRUE	TRUE
PON3	3.54530940894433	5.90223874075077e-05	3.51167382476817	5.63913279804126e-05	TRUE	TRUE
CES1	3.5973519364054	0.000468960797350462	3.52853967149811	0.000196525748496864	TRUE	TRUE
GAS2	0.968493547918424	0.0351251309800382	0.949750743298154	0.0322409441801977	TRUE	TRUE
ABCG5	2.26903421939567	0.000307898558406298	2.2410761615008	0.000265737911566257	TRUE	TRUE
CYP4F3	1.59917577383533	0.00113526438248523	1.58639483086551	0.00134656950867331	TRUE	TRUE
