gene	beta	fdr	class	adipo_cor	meso_cor
FABP4	3.42723823397038	0.000506231868692171	adipocyte_lipid	0.930184975713621	0.3466464834653
CD36	1.90430871111726	1.30569945831144e-06	adipocyte_lipid	0.844159624725531	0.294680284782753
PLAC9	1.54604937199507	8.24713308921774e-07	adipocyte_lipid	0.68110819083106	0.0686007053030807
RBP7	1.51572766697008	1.92206357388503e-06	adipocyte_lipid	0.707881429236809	0.257918025151374
ADAMTS15	1.5516727304669	9.83569152957832e-07	fibroblast_ECM_stromal	0.479664315656398	0.0191130481069932
CADM3	2.04846500797307	0.000651337108833974	other_neural_misc	0.510928870849691	0.33634140661388
KCNAB1	1.56996318591968	0.00415603339411119	other_neural_misc	0.568958347195422	0.523471288841573
SRPX	1.37905181409026	0.000296184535351076	fibroblast_ECM_stromal	0.680085168673897	0.32761660789141
KCNA1	1.62190706191138	0.0369622612982635	other_neural_misc	0.508734991253874	0.582860219268367
NGF	1.13341169746629	0.00131548647561013	other_neural_misc	0.519887633675258	0.229835297249352
LIPE	1.25309228747123	4.11950871084401e-05	adipocyte_lipid	0.779759132344135	0.115618138266019
LPL	1.27963308833637	2.0786939682258e-05	adipocyte_lipid	0.815897597977244	0.175394237806907
NPR1	1.11171457219344	6.72192764010745e-06	other_neural_misc	0.598268347860803	0.493096679752479
FMO1	1.52073548131237	0.0364226571270825	other_neural_misc	0.58038584552947	0.483733193705149
PI16	2.35205680895472	2.78730828104318e-05	fibroblast_ECM_stromal	0.665496706367689	0.0300419189566838
EBF2	1.72749475420966	8.86228625298076e-06	adipocyte_lipid	0.71444938629094	0.308566580791515
MEDAG	1.4189239876291	3.88206362402733e-05	adipocyte_lipid	0.542185108789673	0.599149976711691
NTRK2	1.65322418721273	2.96489775947749e-05	other_neural_misc	0.480155033601703	-0.0882044713553796
MEOX2	1.41687839159404	5.17194971645544e-05	other_neural_misc	0.479872246989154	0.34725364295695
SLIT3	1.32710334301457	0.0092696896449165	fibroblast_ECM_stromal	0.553255372945639	0.355587530773837
MYOZ3	1.06278274199331	0.0177820454852274	other_neural_misc	0.405066870716615	0.165172333488589
OLFML2B	1.12485136948987	5.69910064796814e-05	fibroblast_ECM_stromal	0.540413533834587	0.20387251314126
PRICKLE1	1.12190880311841	0.000280170461402962	other_neural_misc	0.557014771441879	0.417426309135671
LRRN2	1.30404838804118	6.65925996839156e-05	other_neural_misc	0.508292301550336	0.527538425710294
VIT	1.4303132885966	0.000244315691420653	adipocyte_lipid	0.50397229729059	0.13055000044482
MFAP5	1.47713451057272	0.00105549812294063	fibroblast_ECM_stromal	0.598534499966731	0.427448599374543
GALNT13	1.48981793138902	0.000436452223336762	fibroblast_ECM_stromal	0.558964261721292	0.571611565832827
LRRN1	1.42419289261222	0.000378727244767503	other_neural_misc	0.330760529642691	0.315897597977244
FLRT2	1.22514100179276	0.000227072453782815	fibroblast_ECM_stromal	0.413201144454056	0.338295961141793
DCLK1	1.14331648509509	0.00146693356070663	other_neural_misc	0.529509614744827	0.155133408743097
ANK2	1.0807659712748	0.00018552298775768	other_neural_misc	0.617589327300552	0.0895019628717812
OGN	1.90131974871046	0.000648552036863575	fibroblast_ECM_stromal	0.422874110053896	0.243055093485927
BEND6	1.00454978472729	0.00179959207534456	other_neural_misc	0.433944374209861	0.643131612216382
NNAT	1.24171616135428	0.000762879386153275	adipocyte_lipid	0.648950605105637	0.230644453694465
ADAM22	1.03230931672775	0.00192114735605091	other_neural_misc	0.511494444074789	0.438377470224233
TWIST2	1.09557054751255	0.000570453283795082	other_neural_misc	0.40922218964713	0.434860176285491
TSHZ2	1.16206961879398	0.0253454886471954	other_neural_misc	0.584752811231619	0.365776166078914
BOC	1.2630225040091	0.017320056895341	other_neural_misc	0.52898562778628	0.356377669838313
NTRK3	1.05933828247189	0.000649081109906412	other_neural_misc	0.538833255705636	0.237116574622397
PDGFRL	1.36861221330508	0.00279860712177554	fibroblast_ECM_stromal	0.38060582873112	0.734920819748487
COLEC12	1.08720987752736	0.000871655747752603	fibroblast_ECM_stromal	0.44293532503826	0.539099407811565
NRK	1.39250923331883	0.00296894404808741	other_neural_misc	0.377586665779493	0.566829130347994
SUSD5	1.00282535495649	0.00515702241353073	other_neural_misc	0.460859964195146	0.646705217217316
CPXM1	1.06444882629115	0.00333742812089829	fibroblast_ECM_stromal	0.453839244128019	0.698981968194824
CHRDL1	1.64552371609016	0.00225592188509132	fibroblast_ECM_stromal	0.591564641692728	-0.0786645818085036
C16orf89	1.4299324274894	0.00260226210751455	fibroblast_ECM_stromal	0.594284146338075	-0.0370881749012789
ADAMTS16	1.56461890054979	0.00865984072559669	fibroblast_ECM_stromal	0.364570922406891	0.823650990692676
SFRP2	1.34299056377545	0.0418436410188517	fibroblast_ECM_stromal	0.478749417792268	0.627137534100739
TACR1	1.0396473374022	0.0286806750052699	other_neural_misc	0.530468518506551	-0.0274927039686673
